2025-03-24 08:03:22,438 - DEBUG - Found a worker binary at: /usr/local/lib/python3.11/site-packages/tensorflow_federated/python/core/impl/executor_stacks/../../../../data/worker_binary
2025-03-24 08:03:22,442 - DEBUG - Found a worker binary at: /usr/local/lib/python3.11/site-packages/tensorflow_federated/python/core/impl/executor_stacks/../../../../data/worker_binary
2025-03-24 08:03:22,523 - DEBUG - Using selector: EpollSelector
2025-03-24 08:03:22,523 - DEBUG - Using selector: EpollSelector
2025-03-24 08:03:22,528 - DEBUG - Found a worker binary at: /usr/local/lib/python3.11/site-packages/tensorflow_federated/python/core/impl/executor_stacks/../../../../data/worker_binary
2025-03-24 08:03:22,529 - DEBUG - Using selector: EpollSelector
2025-03-24 08:03:23,129 - DEBUG - Found a worker binary at: /usr/local/lib/python3.11/site-packages/tensorflow_federated/python/core/impl/executor_stacks/../../../../data/worker_binary
2025-03-24 08:03:23,130 - DEBUG - Using selector: EpollSelector
2025-03-24 08:03:23,724 - DEBUG - Found a worker binary at: /usr/local/lib/python3.11/site-packages/tensorflow_federated/python/core/impl/executor_stacks/../../../../data/worker_binary
2025-03-24 08:03:23,725 - DEBUG - Using selector: EpollSelector
2025-03-24 08:03:24,627 - DEBUG - Initializing TCPClient with server address: ('federated-learning-server-svc', 12345) and client ID: 5
2025-03-24 08:03:24,628 - INFO - Starting client execution with ID: 5
2025-03-24 08:03:24,629 - DEBUG - Loading dataset
2025-03-24 08:03:24,633 - INFO - Dataset loaded: 216 training samples, 72 test samples
2025-03-24 08:03:24,633 - DEBUG - Loading and compiling model
2025-03-24 08:03:24,925 - DEBUG - Initializing TCPClient with server address: ('federated-learning-server-svc', 12345) and client ID: 0
2025-03-24 08:03:24,927 - INFO - Starting client execution with ID: 0
2025-03-24 08:03:24,928 - DEBUG - Loading dataset
2025-03-24 08:03:24,931 - INFO - Dataset loaded: 216 training samples, 72 test samples
2025-03-24 08:03:24,932 - DEBUG - Loading and compiling model
2025-03-24 08:03:24,934 - DEBUG - Initializing TCPClient with server address: ('federated-learning-server-svc', 12345) and client ID: 2
2025-03-24 08:03:24,935 - INFO - Starting client execution with ID: 2
2025-03-24 08:03:24,936 - DEBUG - Loading dataset
2025-03-24 08:03:24,939 - INFO - Dataset loaded: 216 training samples, 72 test samples
2025-03-24 08:03:25,023 - DEBUG - Loading and compiling model
2025-03-24 08:03:25,026 - DEBUG - Found a worker binary at: /usr/local/lib/python3.11/site-packages/tensorflow_federated/python/core/impl/executor_stacks/../../../../data/worker_binary
2025-03-24 08:03:25,027 - DEBUG - Using selector: EpollSelector
2025-03-24 08:03:25,732 - DEBUG - Initializing TCPClient with server address: ('federated-learning-server-svc', 12345) and client ID: 1
2025-03-24 08:03:25,824 - INFO - Starting client execution with ID: 1
2025-03-24 08:03:25,825 - DEBUG - Loading dataset
2025-03-24 08:03:25,831 - INFO - Dataset loaded: 216 training samples, 72 test samples
2025-03-24 08:03:25,832 - DEBUG - Loading and compiling model
2025-03-24 08:03:25,926 - INFO - Model compiled successfully
2025-03-24 08:03:25,927 - DEBUG - Connecting to server at address: ('federated-learning-server-svc', 12345)
2025-03-24 08:03:25,928 - INFO - Model compiled successfully
2025-03-24 08:03:25,929 - DEBUG - Connecting to server at address: ('federated-learning-server-svc', 12345)
2025-03-24 08:03:25,938 - INFO - Connected to server
2025-03-24 08:03:25,938 - DEBUG - Managing communication with server
2025-03-24 08:03:26,023 - INFO - Connected to server
2025-03-24 08:03:26,024 - DEBUG - Managing communication with server
2025-03-24 08:03:26,030 - DEBUG - Found a worker binary at: /usr/local/lib/python3.11/site-packages/tensorflow_federated/python/core/impl/executor_stacks/../../../../data/worker_binary
2025-03-24 08:03:26,031 - DEBUG - Using selector: EpollSelector
2025-03-24 08:03:26,228 - INFO - Model compiled successfully
2025-03-24 08:03:26,229 - DEBUG - Connecting to server at address: ('federated-learning-server-svc', 12345)
2025-03-24 08:03:26,231 - INFO - Connected to server
2025-03-24 08:03:26,231 - DEBUG - Managing communication with server
2025-03-24 08:03:26,233 - DEBUG - Initializing TCPClient with server address: ('federated-learning-server-svc', 12345) and client ID: 6
2025-03-24 08:03:26,234 - INFO - Starting client execution with ID: 6
2025-03-24 08:03:26,235 - DEBUG - Loading dataset
2025-03-24 08:03:26,240 - INFO - Dataset loaded: 216 training samples, 72 test samples
2025-03-24 08:03:26,323 - DEBUG - Loading and compiling model
2025-03-24 08:03:26,524 - INFO - Model compiled successfully
2025-03-24 08:03:26,525 - DEBUG - Connecting to server at address: ('federated-learning-server-svc', 12345)
2025-03-24 08:03:26,525 - DEBUG - Found a worker binary at: /usr/local/lib/python3.11/site-packages/tensorflow_federated/python/core/impl/executor_stacks/../../../../data/worker_binary
2025-03-24 08:03:26,526 - DEBUG - Using selector: EpollSelector
2025-03-24 08:03:26,527 - INFO - Connected to server
2025-03-24 08:03:26,528 - DEBUG - Managing communication with server
2025-03-24 08:03:26,627 - DEBUG - Received message of type: MessageType.FEDERATED_WEIGHTS with length: 2080532
2025-03-24 08:03:26,627 - DEBUG - Found a worker binary at: /usr/local/lib/python3.11/site-packages/tensorflow_federated/python/core/impl/executor_stacks/../../../../data/worker_binary
2025-03-24 08:03:26,627 - DEBUG - Updating model weights
2025-03-24 08:03:26,628 - DEBUG - Using selector: EpollSelector
2025-03-24 08:03:26,638 - DEBUG - Model weights updated successfully
2025-03-24 08:03:26,723 - INFO - Evaluating model performance
2025-03-24 08:03:26,723 - DEBUG - Evaluating federated model
2025-03-24 08:03:26,938 - DEBUG - Initializing TCPClient with server address: ('federated-learning-server-svc', 12345) and client ID: 4
2025-03-24 08:03:26,939 - INFO - Starting client execution with ID: 4
2025-03-24 08:03:26,940 - DEBUG - Loading dataset
2025-03-24 08:03:27,025 - INFO - Dataset loaded: 216 training samples, 72 test samples
2025-03-24 08:03:27,026 - DEBUG - Loading and compiling model
2025-03-24 08:03:27,037 - DEBUG - Received message of type: MessageType.FEDERATED_WEIGHTS with length: 2080532
2025-03-24 08:03:27,038 - DEBUG - Updating model weights
2025-03-24 08:03:27,129 - DEBUG - Model weights updated successfully
2025-03-24 08:03:27,130 - INFO - Evaluating model performance
2025-03-24 08:03:27,131 - DEBUG - Evaluating federated model
2025-03-24 08:03:27,329 - INFO - Model compiled successfully
2025-03-24 08:03:27,330 - DEBUG - Connecting to server at address: ('federated-learning-server-svc', 12345)
2025-03-24 08:03:27,333 - INFO - Connected to server
2025-03-24 08:03:27,423 - DEBUG - Managing communication with server
2025-03-24 08:03:27,529 - DEBUG - Received message of type: MessageType.FEDERATED_WEIGHTS with length: 2080532
2025-03-24 08:03:27,529 - DEBUG - Updating model weights
2025-03-24 08:03:27,637 - DEBUG - Model weights updated successfully
2025-03-24 08:03:27,638 - INFO - Evaluating model performance
2025-03-24 08:03:27,638 - DEBUG - Evaluating federated model
2025-03-24 08:03:27,825 - DEBUG - Initializing TCPClient with server address: ('federated-learning-server-svc', 12345) and client ID: 7
2025-03-24 08:03:27,826 - INFO - Starting client execution with ID: 7
2025-03-24 08:03:27,827 - DEBUG - Loading dataset
2025-03-24 08:03:27,830 - INFO - Dataset loaded: 216 training samples, 72 test samples
2025-03-24 08:03:27,831 - DEBUG - Loading and compiling model
2025-03-24 08:03:28,027 - DEBUG - Received message of type: MessageType.FEDERATED_WEIGHTS with length: 2080532
2025-03-24 08:03:28,027 - DEBUG - Updating model weights
2025-03-24 08:03:28,031 - INFO - Model compiled successfully
2025-03-24 08:03:28,032 - DEBUG - Connecting to server at address: ('federated-learning-server-svc', 12345)
2025-03-24 08:03:28,034 - INFO - Connected to server
2025-03-24 08:03:28,034 - DEBUG - Managing communication with server
2025-03-24 08:03:28,125 - DEBUG - Received message of type: MessageType.FEDERATED_WEIGHTS with length: 2080532
2025-03-24 08:03:28,126 - DEBUG - Updating model weights
2025-03-24 08:03:28,342 - DEBUG - Initializing TCPClient with server address: ('federated-learning-server-svc', 12345) and client ID: 8
2025-03-24 08:03:28,424 - INFO - Starting client execution with ID: 8
2025-03-24 08:03:28,425 - DEBUG - Loading dataset
2025-03-24 08:03:28,429 - INFO - Dataset loaded: 216 training samples, 72 test samples
2025-03-24 08:03:28,429 - DEBUG - Loading and compiling model
2025-03-24 08:03:28,437 - DEBUG - Model weights updated successfully
2025-03-24 08:03:28,438 - INFO - Evaluating model performance
2025-03-24 08:03:28,523 - DEBUG - Evaluating federated model
2025-03-24 08:03:28,540 - DEBUG - Model weights updated successfully
2025-03-24 08:03:28,623 - INFO - Evaluating model performance
2025-03-24 08:03:28,624 - DEBUG - Evaluating federated model
2025-03-24 08:03:28,632 - DEBUG - Initializing TCPClient with server address: ('federated-learning-server-svc', 12345) and client ID: 3
2025-03-24 08:03:28,633 - INFO - Starting client execution with ID: 3
2025-03-24 08:03:28,723 - DEBUG - Loading dataset
2025-03-24 08:03:28,728 - INFO - Dataset loaded: 216 training samples, 72 test samples
2025-03-24 08:03:28,729 - DEBUG - Loading and compiling model
2025-03-24 08:03:28,742 - DEBUG - Received message of type: MessageType.FEDERATED_WEIGHTS with length: 2080532
2025-03-24 08:03:28,823 - DEBUG - Updating model weights
2025-03-24 08:03:28,828 - INFO - Model compiled successfully
2025-03-24 08:03:28,828 - DEBUG - Connecting to server at address: ('federated-learning-server-svc', 12345)
2025-03-24 08:03:28,831 - INFO - Connected to server
2025-03-24 08:03:28,831 - DEBUG - Managing communication with server
2025-03-24 08:03:28,928 - DEBUG - Model weights updated successfully
2025-03-24 08:03:28,928 - INFO - Evaluating model performance
2025-03-24 08:03:28,929 - DEBUG - Evaluating federated model
2025-03-24 08:03:29,441 - DEBUG - Received message of type: MessageType.FEDERATED_WEIGHTS with length: 2080532
2025-03-24 08:03:29,523 - DEBUG - Updating model weights
2025-03-24 08:03:29,542 - INFO - Model compiled successfully
2025-03-24 08:03:29,624 - DEBUG - Connecting to server at address: ('federated-learning-server-svc', 12345)
2025-03-24 08:03:29,627 - INFO - Connected to server
2025-03-24 08:03:29,628 - DEBUG - Managing communication with server
2025-03-24 08:03:29,833 - INFO - Model compiled successfully
2025-03-24 08:03:29,835 - DEBUG - Connecting to server at address: ('federated-learning-server-svc', 12345)
2025-03-24 08:03:29,836 - INFO - Connected to server
2025-03-24 08:03:29,923 - DEBUG - Managing communication with server
2025-03-24 08:03:30,138 - DEBUG - Model weights updated successfully
2025-03-24 08:03:30,223 - INFO - Evaluating model performance
2025-03-24 08:03:30,225 - DEBUG - Evaluating federated model
2025-03-24 08:03:30,540 - DEBUG - Received message of type: MessageType.FEDERATED_WEIGHTS with length: 2080532
2025-03-24 08:03:30,623 - DEBUG - Updating model weights
2025-03-24 08:03:30,724 - DEBUG - Received message of type: MessageType.FEDERATED_WEIGHTS with length: 2080532
2025-03-24 08:03:30,730 - DEBUG - Updating model weights
2025-03-24 08:03:30,934 - DEBUG - Model weights updated successfully
2025-03-24 08:03:30,935 - INFO - Evaluating model performance
2025-03-24 08:03:30,935 - DEBUG - Evaluating federated model
2025-03-24 08:03:30,936 - DEBUG - Model weights updated successfully
2025-03-24 08:03:30,937 - INFO - Evaluating model performance
2025-03-24 08:03:30,937 - DEBUG - Evaluating federated model
2025-03-24 08:03:32,140 - INFO - Starting model training for 20 epochs
2025-03-24 08:03:32,223 - DEBUG - Starting epoch 1/20
2025-03-24 08:03:32,224 - DEBUG - Shuffling dataset for epoch 1
2025-03-24 08:03:32,227 - INFO - Starting model training for 20 epochs
2025-03-24 08:03:32,227 - INFO - Starting model training for 20 epochs
2025-03-24 08:03:32,228 - DEBUG - Starting epoch 1/20
2025-03-24 08:03:32,228 - DEBUG - Shuffling dataset for epoch 1
2025-03-24 08:03:32,228 - DEBUG - Starting epoch 1/20
2025-03-24 08:03:32,229 - DEBUG - Shuffling dataset for epoch 1
2025-03-24 08:03:33,326 - INFO - Starting model training for 20 epochs
2025-03-24 08:03:33,327 - DEBUG - Starting epoch 1/20
2025-03-24 08:03:33,327 - DEBUG - Shuffling dataset for epoch 1
2025-03-24 08:03:33,327 - INFO - Starting model training for 20 epochs
2025-03-24 08:03:33,327 - DEBUG - Starting epoch 1/20
2025-03-24 08:03:33,328 - DEBUG - Shuffling dataset for epoch 1
2025-03-24 08:03:33,726 - INFO - Starting model training for 20 epochs
2025-03-24 08:03:33,729 - DEBUG - Starting epoch 1/20
2025-03-24 08:03:33,730 - DEBUG - Shuffling dataset for epoch 1
2025-03-24 08:03:34,636 - INFO - Starting model training for 20 epochs
2025-03-24 08:03:34,637 - DEBUG - Starting epoch 1/20
2025-03-24 08:03:34,637 - DEBUG - Shuffling dataset for epoch 1
2025-03-24 08:03:35,726 - INFO - Starting model training for 20 epochs
2025-03-24 08:03:35,726 - INFO - Starting model training for 20 epochs
2025-03-24 08:03:35,727 - DEBUG - Starting epoch 1/20
2025-03-24 08:03:35,727 - DEBUG - Starting epoch 1/20
2025-03-24 08:03:35,727 - DEBUG - Shuffling dataset for epoch 1
2025-03-24 08:03:35,727 - DEBUG - Shuffling dataset for epoch 1
2025-03-24 08:03:48,736 - DEBUG - Starting epoch 2/20
2025-03-24 08:03:48,737 - DEBUG - Shuffling dataset for epoch 2
2025-03-24 08:03:49,140 - DEBUG - Starting epoch 2/20
2025-03-24 08:03:49,141 - DEBUG - Shuffling dataset for epoch 2
2025-03-24 08:03:49,227 - DEBUG - Starting epoch 2/20
2025-03-24 08:03:49,228 - DEBUG - Shuffling dataset for epoch 2
2025-03-24 08:03:49,828 - DEBUG - Starting epoch 2/20
2025-03-24 08:03:49,833 - DEBUG - Shuffling dataset for epoch 2
2025-03-24 08:03:49,926 - DEBUG - Starting epoch 2/20
2025-03-24 08:03:49,932 - DEBUG - Shuffling dataset for epoch 2
2025-03-24 08:03:50,033 - DEBUG - Starting epoch 2/20
2025-03-24 08:03:50,034 - DEBUG - Shuffling dataset for epoch 2
2025-03-24 08:03:50,133 - DEBUG - Starting epoch 2/20
2025-03-24 08:03:50,134 - DEBUG - Shuffling dataset for epoch 2
2025-03-24 08:03:50,339 - DEBUG - Starting epoch 2/20
2025-03-24 08:03:50,423 - DEBUG - Shuffling dataset for epoch 2
2025-03-24 08:03:51,429 - DEBUG - Starting epoch 3/20
2025-03-24 08:03:51,429 - DEBUG - Shuffling dataset for epoch 3
2025-03-24 08:03:52,235 - DEBUG - Starting epoch 2/20
2025-03-24 08:03:52,322 - DEBUG - Shuffling dataset for epoch 2
2025-03-24 08:03:52,926 - DEBUG - Starting epoch 3/20
2025-03-24 08:03:52,928 - DEBUG - Shuffling dataset for epoch 3
2025-03-24 08:03:53,627 - DEBUG - Starting epoch 3/20
2025-03-24 08:03:53,628 - DEBUG - Shuffling dataset for epoch 3
2025-03-24 08:03:55,128 - DEBUG - Starting epoch 3/20
2025-03-24 08:03:55,133 - DEBUG - Shuffling dataset for epoch 3
2025-03-24 08:03:56,227 - DEBUG - Starting epoch 3/20
2025-03-24 08:03:56,228 - DEBUG - Shuffling dataset for epoch 3
2025-03-24 08:03:56,426 - DEBUG - Starting epoch 4/20
2025-03-24 08:03:56,431 - DEBUG - Shuffling dataset for epoch 4
2025-03-24 08:03:56,431 - DEBUG - Starting epoch 3/20
2025-03-24 08:03:56,523 - DEBUG - Shuffling dataset for epoch 3
2025-03-24 08:03:56,928 - DEBUG - Starting epoch 3/20
2025-03-24 08:03:57,027 - DEBUG - Shuffling dataset for epoch 3
2025-03-24 08:03:57,133 - DEBUG - Starting epoch 3/20
2025-03-24 08:03:57,134 - DEBUG - Shuffling dataset for epoch 3
2025-03-24 08:03:57,828 - DEBUG - Starting epoch 4/20
2025-03-24 08:03:57,829 - DEBUG - Shuffling dataset for epoch 4
2025-03-24 08:03:58,728 - DEBUG - Starting epoch 3/20
2025-03-24 08:03:58,733 - DEBUG - Starting epoch 4/20
2025-03-24 08:03:58,823 - DEBUG - Shuffling dataset for epoch 3
2025-03-24 08:03:58,824 - DEBUG - Shuffling dataset for epoch 4
2025-03-24 08:04:00,431 - DEBUG - Starting epoch 4/20
2025-03-24 08:04:00,521 - DEBUG - Shuffling dataset for epoch 4
2025-03-24 08:04:00,630 - DEBUG - Starting epoch 5/20
2025-03-24 08:04:00,631 - DEBUG - Shuffling dataset for epoch 5
2025-03-24 08:04:00,825 - DEBUG - Starting epoch 4/20
2025-03-24 08:04:00,828 - DEBUG - Shuffling dataset for epoch 4
2025-03-24 08:04:01,532 - DEBUG - Starting epoch 4/20
2025-03-24 08:04:01,623 - DEBUG - Shuffling dataset for epoch 4
2025-03-24 08:04:02,132 - DEBUG - Starting epoch 4/20
2025-03-24 08:04:02,222 - DEBUG - Shuffling dataset for epoch 4
2025-03-24 08:04:02,932 - DEBUG - Starting epoch 4/20
2025-03-24 08:04:03,023 - DEBUG - Shuffling dataset for epoch 4
2025-03-24 08:04:03,327 - DEBUG - Starting epoch 5/20
2025-03-24 08:04:03,332 - DEBUG - Shuffling dataset for epoch 5
2025-03-24 08:04:03,630 - DEBUG - Starting epoch 5/20
2025-03-24 08:04:03,633 - DEBUG - Shuffling dataset for epoch 5
2025-03-24 08:04:04,330 - DEBUG - Starting epoch 4/20
2025-03-24 08:04:04,427 - DEBUG - Shuffling dataset for epoch 4
2025-03-24 08:04:04,935 - DEBUG - Starting epoch 5/20
2025-03-24 08:04:04,936 - DEBUG - Shuffling dataset for epoch 5
2025-03-24 08:04:04,937 - DEBUG - Starting epoch 5/20
2025-03-24 08:04:04,938 - DEBUG - Shuffling dataset for epoch 5
2025-03-24 08:04:05,134 - DEBUG - Starting epoch 6/20
2025-03-24 08:04:05,225 - DEBUG - Shuffling dataset for epoch 6
2025-03-24 08:04:05,825 - DEBUG - Starting epoch 5/20
2025-03-24 08:04:05,827 - DEBUG - Shuffling dataset for epoch 5
2025-03-24 08:04:05,932 - DEBUG - Starting epoch 5/20
2025-03-24 08:04:05,933 - DEBUG - Shuffling dataset for epoch 5
2025-03-24 08:04:07,027 - DEBUG - Starting epoch 5/20
2025-03-24 08:04:07,029 - DEBUG - Shuffling dataset for epoch 5
2025-03-24 08:04:07,133 - DEBUG - Starting epoch 6/20
2025-03-24 08:04:07,222 - DEBUG - Shuffling dataset for epoch 6
2025-03-24 08:04:07,924 - DEBUG - Starting epoch 6/20
2025-03-24 08:04:07,926 - DEBUG - Shuffling dataset for epoch 6
2025-03-24 08:04:08,627 - DEBUG - Starting epoch 5/20
2025-03-24 08:04:08,632 - DEBUG - Shuffling dataset for epoch 5
2025-03-24 08:04:08,725 - DEBUG - Starting epoch 6/20
2025-03-24 08:04:08,726 - DEBUG - Shuffling dataset for epoch 6
2025-03-24 08:04:09,330 - DEBUG - Starting epoch 7/20
2025-03-24 08:04:09,331 - DEBUG - Shuffling dataset for epoch 7
2025-03-24 08:04:09,627 - DEBUG - Starting epoch 6/20
2025-03-24 08:04:09,721 - DEBUG - Shuffling dataset for epoch 6
2025-03-24 08:04:10,027 - DEBUG - Starting epoch 6/20
2025-03-24 08:04:10,030 - DEBUG - Shuffling dataset for epoch 6
2025-03-24 08:04:10,136 - DEBUG - Starting epoch 6/20
2025-03-24 08:04:10,222 - DEBUG - Shuffling dataset for epoch 6
2025-03-24 08:04:11,033 - DEBUG - Starting epoch 7/20
2025-03-24 08:04:11,034 - DEBUG - Shuffling dataset for epoch 7
2025-03-24 08:04:11,727 - DEBUG - Starting epoch 6/20
2025-03-24 08:04:11,730 - DEBUG - Shuffling dataset for epoch 6
2025-03-24 08:04:11,929 - DEBUG - Starting epoch 7/20
2025-03-24 08:04:12,022 - DEBUG - Shuffling dataset for epoch 7
2025-03-24 08:04:12,033 - DEBUG - Starting epoch 6/20
2025-03-24 08:04:12,122 - DEBUG - Shuffling dataset for epoch 6
2025-03-24 08:04:12,434 - DEBUG - Starting epoch 7/20
2025-03-24 08:04:12,435 - DEBUG - Shuffling dataset for epoch 7
2025-03-24 08:04:12,634 - DEBUG - Starting epoch 7/20
2025-03-24 08:04:12,721 - DEBUG - Shuffling dataset for epoch 7
2025-03-24 08:04:13,328 - DEBUG - Starting epoch 7/20
2025-03-24 08:04:13,329 - DEBUG - Shuffling dataset for epoch 7
2025-03-24 08:04:13,526 - DEBUG - Starting epoch 8/20
2025-03-24 08:04:13,531 - DEBUG - Shuffling dataset for epoch 8
2025-03-24 08:04:14,133 - DEBUG - Starting epoch 7/20
2025-03-24 08:04:14,134 - DEBUG - Shuffling dataset for epoch 7
2025-03-24 08:04:14,925 - DEBUG - Starting epoch 8/20
2025-03-24 08:04:14,931 - DEBUG - Shuffling dataset for epoch 8
2025-03-24 08:04:15,627 - DEBUG - Starting epoch 8/20
2025-03-24 08:04:15,629 - DEBUG - Shuffling dataset for epoch 8
2025-03-24 08:04:15,726 - DEBUG - Starting epoch 8/20
2025-03-24 08:04:15,726 - DEBUG - Starting epoch 7/20
2025-03-24 08:04:15,728 - DEBUG - Shuffling dataset for epoch 8
2025-03-24 08:04:15,729 - DEBUG - Shuffling dataset for epoch 7
2025-03-24 08:04:15,738 - DEBUG - Starting epoch 7/20
2025-03-24 08:04:15,822 - DEBUG - Shuffling dataset for epoch 7
2025-03-24 08:04:15,929 - DEBUG - Starting epoch 8/20
2025-03-24 08:04:16,023 - DEBUG - Shuffling dataset for epoch 8
2025-03-24 08:04:16,926 - DEBUG - Starting epoch 8/20
2025-03-24 08:04:16,931 - DEBUG - Shuffling dataset for epoch 8
2025-03-24 08:04:17,426 - DEBUG - Starting epoch 9/20
2025-03-24 08:04:17,430 - DEBUG - Shuffling dataset for epoch 9
2025-03-24 08:04:18,028 - DEBUG - Starting epoch 8/20
2025-03-24 08:04:18,030 - DEBUG - Shuffling dataset for epoch 8
2025-03-24 08:04:19,025 - DEBUG - Starting epoch 8/20
2025-03-24 08:04:19,026 - DEBUG - Shuffling dataset for epoch 8
2025-03-24 08:04:19,135 - DEBUG - Starting epoch 9/20
2025-03-24 08:04:19,227 - DEBUG - Shuffling dataset for epoch 9
2025-03-24 08:04:19,231 - DEBUG - Starting epoch 9/20
2025-03-24 08:04:19,233 - DEBUG - Shuffling dataset for epoch 9
2025-03-24 08:04:19,521 - DEBUG - Starting epoch 9/20
2025-03-24 08:04:19,522 - DEBUG - Shuffling dataset for epoch 9
2025-03-24 08:04:19,525 - DEBUG - Starting epoch 9/20
2025-03-24 08:04:19,531 - DEBUG - Shuffling dataset for epoch 9
2025-03-24 08:04:19,726 - DEBUG - Starting epoch 8/20
2025-03-24 08:04:19,730 - DEBUG - Shuffling dataset for epoch 8
2025-03-24 08:04:20,736 - DEBUG - Starting epoch 10/20
2025-03-24 08:04:20,736 - DEBUG - Shuffling dataset for epoch 10
2025-03-24 08:04:21,128 - DEBUG - Starting epoch 9/20
2025-03-24 08:04:21,224 - DEBUG - Shuffling dataset for epoch 9
2025-03-24 08:04:22,127 - DEBUG - Starting epoch 9/20
2025-03-24 08:04:22,131 - DEBUG - Shuffling dataset for epoch 9
2025-03-24 08:04:22,335 - DEBUG - Starting epoch 10/20
2025-03-24 08:04:22,422 - DEBUG - Shuffling dataset for epoch 10
2025-03-24 08:04:22,537 - DEBUG - Starting epoch 9/20
2025-03-24 08:04:22,622 - DEBUG - Shuffling dataset for epoch 9
2025-03-24 08:04:22,827 - DEBUG - Starting epoch 10/20
2025-03-24 08:04:22,830 - DEBUG - Shuffling dataset for epoch 10
2025-03-24 08:04:22,833 - DEBUG - Starting epoch 10/20
2025-03-24 08:04:22,833 - DEBUG - Shuffling dataset for epoch 10
2025-03-24 08:04:23,028 - DEBUG - Starting epoch 10/20
2025-03-24 08:04:23,030 - DEBUG - Shuffling dataset for epoch 10
2025-03-24 08:04:23,635 - DEBUG - Starting epoch 9/20
2025-03-24 08:04:23,636 - DEBUG - Shuffling dataset for epoch 9
2025-03-24 08:04:24,135 - DEBUG - Starting epoch 11/20
2025-03-24 08:04:24,136 - DEBUG - Shuffling dataset for epoch 11
2025-03-24 08:04:24,430 - DEBUG - Starting epoch 10/20
2025-03-24 08:04:24,525 - DEBUG - Shuffling dataset for epoch 10
2025-03-24 08:04:25,833 - DEBUG - Starting epoch 10/20
2025-03-24 08:04:25,922 - DEBUG - Shuffling dataset for epoch 10
2025-03-24 08:04:26,427 - DEBUG - Starting epoch 11/20
2025-03-24 08:04:26,429 - DEBUG - Shuffling dataset for epoch 11
2025-03-24 08:04:26,630 - DEBUG - Starting epoch 10/20
2025-03-24 08:04:26,631 - DEBUG - Starting epoch 11/20
2025-03-24 08:04:26,633 - DEBUG - Shuffling dataset for epoch 10
2025-03-24 08:04:26,722 - DEBUG - Shuffling dataset for epoch 11
2025-03-24 08:04:26,828 - DEBUG - Starting epoch 11/20
2025-03-24 08:04:26,922 - DEBUG - Shuffling dataset for epoch 11
2025-03-24 08:04:27,029 - DEBUG - Starting epoch 11/20
2025-03-24 08:04:27,121 - DEBUG - Shuffling dataset for epoch 11
2025-03-24 08:04:27,227 - DEBUG - Starting epoch 10/20
2025-03-24 08:04:27,231 - DEBUG - Shuffling dataset for epoch 10
2025-03-24 08:04:27,233 - DEBUG - Starting epoch 12/20
2025-03-24 08:04:27,234 - DEBUG - Shuffling dataset for epoch 12
2025-03-24 08:04:28,730 - DEBUG - Starting epoch 11/20
2025-03-24 08:04:28,737 - DEBUG - Shuffling dataset for epoch 11
2025-03-24 08:04:28,927 - DEBUG - Starting epoch 11/20
2025-03-24 08:04:28,930 - DEBUG - Shuffling dataset for epoch 11
2025-03-24 08:04:29,638 - DEBUG - Starting epoch 12/20
2025-03-24 08:04:29,721 - DEBUG - Shuffling dataset for epoch 12
2025-03-24 08:04:30,130 - DEBUG - Starting epoch 12/20
2025-03-24 08:04:30,130 - DEBUG - Shuffling dataset for epoch 12
2025-03-24 08:04:30,327 - DEBUG - Starting epoch 11/20
2025-03-24 08:04:30,329 - DEBUG - Shuffling dataset for epoch 11
2025-03-24 08:04:30,527 - DEBUG - Starting epoch 12/20
2025-03-24 08:04:30,527 - DEBUG - Starting epoch 12/20
2025-03-24 08:04:30,529 - DEBUG - Shuffling dataset for epoch 12
2025-03-24 08:04:30,531 - DEBUG - Shuffling dataset for epoch 12
2025-03-24 08:04:30,624 - DEBUG - Starting epoch 11/20
2025-03-24 08:04:30,626 - DEBUG - Shuffling dataset for epoch 11
2025-03-24 08:04:30,626 - DEBUG - Starting epoch 13/20
2025-03-24 08:04:30,631 - DEBUG - Shuffling dataset for epoch 13
2025-03-24 08:04:31,730 - DEBUG - Starting epoch 12/20
2025-03-24 08:04:31,822 - DEBUG - Shuffling dataset for epoch 12
2025-03-24 08:04:32,124 - DEBUG - Starting epoch 12/20
2025-03-24 08:04:32,130 - DEBUG - Shuffling dataset for epoch 12
2025-03-24 08:04:32,931 - DEBUG - Starting epoch 13/20
2025-03-24 08:04:32,932 - DEBUG - Shuffling dataset for epoch 13
2025-03-24 08:04:33,626 - DEBUG - Starting epoch 13/20
2025-03-24 08:04:33,631 - DEBUG - Shuffling dataset for epoch 13
2025-03-24 08:04:33,726 - DEBUG - Starting epoch 14/20
2025-03-24 08:04:33,726 - DEBUG - Starting epoch 13/20
2025-03-24 08:04:33,727 - DEBUG - Shuffling dataset for epoch 13
2025-03-24 08:04:33,728 - DEBUG - Shuffling dataset for epoch 14
2025-03-24 08:04:33,826 - DEBUG - Starting epoch 12/20
2025-03-24 08:04:33,833 - DEBUG - Shuffling dataset for epoch 12
2025-03-24 08:04:34,229 - DEBUG - Starting epoch 12/20
2025-03-24 08:04:34,229 - DEBUG - Shuffling dataset for epoch 12
2025-03-24 08:04:34,430 - DEBUG - Starting epoch 13/20
2025-03-24 08:04:34,522 - DEBUG - Shuffling dataset for epoch 13
2025-03-24 08:04:34,824 - DEBUG - Starting epoch 13/20
2025-03-24 08:04:34,921 - DEBUG - Shuffling dataset for epoch 13
2025-03-24 08:04:35,534 - DEBUG - Starting epoch 13/20
2025-03-24 08:04:35,621 - DEBUG - Shuffling dataset for epoch 13
2025-03-24 08:04:36,926 - DEBUG - Starting epoch 15/20
2025-03-24 08:04:36,928 - DEBUG - Shuffling dataset for epoch 15
2025-03-24 08:04:37,024 - DEBUG - Starting epoch 14/20
2025-03-24 08:04:37,026 - DEBUG - Shuffling dataset for epoch 14
2025-03-24 08:04:37,425 - DEBUG - Starting epoch 14/20
2025-03-24 08:04:37,425 - DEBUG - Starting epoch 13/20
2025-03-24 08:04:37,428 - DEBUG - Shuffling dataset for epoch 14
2025-03-24 08:04:37,429 - DEBUG - Shuffling dataset for epoch 13
2025-03-24 08:04:37,825 - DEBUG - Starting epoch 14/20
2025-03-24 08:04:37,828 - DEBUG - Shuffling dataset for epoch 14
2025-03-24 08:04:37,925 - DEBUG - Starting epoch 13/20
2025-03-24 08:04:38,022 - DEBUG - Shuffling dataset for epoch 13
2025-03-24 08:04:38,122 - DEBUG - Starting epoch 14/20
2025-03-24 08:04:38,123 - DEBUG - Shuffling dataset for epoch 14
2025-03-24 08:04:39,531 - DEBUG - Starting epoch 14/20
2025-03-24 08:04:39,621 - DEBUG - Shuffling dataset for epoch 14
2025-03-24 08:04:39,723 - DEBUG - Starting epoch 14/20
2025-03-24 08:04:39,725 - DEBUG - Shuffling dataset for epoch 14
2025-03-24 08:04:40,227 - DEBUG - Starting epoch 15/20
2025-03-24 08:04:40,229 - DEBUG - Shuffling dataset for epoch 15
2025-03-24 08:04:40,323 - DEBUG - Starting epoch 16/20
2025-03-24 08:04:40,328 - DEBUG - Shuffling dataset for epoch 16
2025-03-24 08:04:40,736 - DEBUG - Starting epoch 14/20
2025-03-24 08:04:40,822 - DEBUG - Shuffling dataset for epoch 14
2025-03-24 08:04:40,825 - DEBUG - Starting epoch 15/20
2025-03-24 08:04:40,826 - DEBUG - Starting epoch 15/20
2025-03-24 08:04:40,921 - DEBUG - Shuffling dataset for epoch 15
2025-03-24 08:04:40,923 - DEBUG - Shuffling dataset for epoch 15
2025-03-24 08:04:41,026 - DEBUG - Starting epoch 15/20
2025-03-24 08:04:41,029 - DEBUG - Shuffling dataset for epoch 15
2025-03-24 08:04:41,324 - DEBUG - Starting epoch 14/20
2025-03-24 08:04:41,325 - DEBUG - Shuffling dataset for epoch 14
2025-03-24 08:04:43,428 - DEBUG - Starting epoch 15/20
2025-03-24 08:04:43,432 - DEBUG - Shuffling dataset for epoch 15
2025-03-24 08:04:43,525 - DEBUG - Starting epoch 16/20
2025-03-24 08:04:43,527 - DEBUG - Shuffling dataset for epoch 16
2025-03-24 08:04:43,627 - DEBUG - Starting epoch 17/20
2025-03-24 08:04:43,724 - DEBUG - Shuffling dataset for epoch 17
2025-03-24 08:04:43,826 - DEBUG - Starting epoch 15/20
2025-03-24 08:04:43,827 - DEBUG - Shuffling dataset for epoch 15
2025-03-24 08:04:43,924 - DEBUG - Starting epoch 15/20
2025-03-24 08:04:43,928 - DEBUG - Shuffling dataset for epoch 15
2025-03-24 08:04:44,027 - DEBUG - Starting epoch 16/20
2025-03-24 08:04:44,027 - DEBUG - Starting epoch 16/20
2025-03-24 08:04:44,027 - DEBUG - Starting epoch 15/20
2025-03-24 08:04:44,031 - DEBUG - Shuffling dataset for epoch 16
2025-03-24 08:04:44,032 - DEBUG - Shuffling dataset for epoch 15
2025-03-24 08:04:44,031 - DEBUG - Shuffling dataset for epoch 16
2025-03-24 08:04:44,525 - DEBUG - Starting epoch 16/20
2025-03-24 08:04:44,528 - DEBUG - Shuffling dataset for epoch 16
2025-03-24 08:04:46,629 - DEBUG - Starting epoch 16/20
2025-03-24 08:04:46,632 - DEBUG - Shuffling dataset for epoch 16
2025-03-24 08:04:46,726 - DEBUG - Starting epoch 16/20
2025-03-24 08:04:46,730 - DEBUG - Shuffling dataset for epoch 16
2025-03-24 08:04:46,826 - DEBUG - Starting epoch 16/20
2025-03-24 08:04:46,829 - DEBUG - Starting epoch 17/20
2025-03-24 08:04:46,833 - DEBUG - Shuffling dataset for epoch 16
2025-03-24 08:04:46,834 - DEBUG - Shuffling dataset for epoch 17
2025-03-24 08:04:47,032 - DEBUG - Starting epoch 18/20
2025-03-24 08:04:47,123 - DEBUG - Shuffling dataset for epoch 18
2025-03-24 08:04:47,126 - DEBUG - Starting epoch 17/20
2025-03-24 08:04:47,131 - DEBUG - Shuffling dataset for epoch 17
2025-03-24 08:04:47,228 - DEBUG - Starting epoch 17/20
2025-03-24 08:04:47,231 - DEBUG - Shuffling dataset for epoch 17
2025-03-24 08:04:47,433 - DEBUG - Starting epoch 16/20
2025-03-24 08:04:47,520 - DEBUG - Shuffling dataset for epoch 16
2025-03-24 08:04:47,529 - DEBUG - Starting epoch 17/20
2025-03-24 08:04:47,621 - DEBUG - Shuffling dataset for epoch 17
2025-03-24 08:04:49,528 - DEBUG - Starting epoch 17/20
2025-03-24 08:04:49,621 - DEBUG - Shuffling dataset for epoch 17
2025-03-24 08:04:49,635 - DEBUG - Starting epoch 17/20
2025-03-24 08:04:49,721 - DEBUG - Shuffling dataset for epoch 17
2025-03-24 08:04:49,827 - DEBUG - Starting epoch 18/20
2025-03-24 08:04:49,833 - DEBUG - Shuffling dataset for epoch 18
2025-03-24 08:04:49,925 - DEBUG - Starting epoch 17/20
2025-03-24 08:04:49,928 - DEBUG - Shuffling dataset for epoch 17
2025-03-24 08:04:50,225 - DEBUG - Starting epoch 18/20
2025-03-24 08:04:50,229 - DEBUG - Shuffling dataset for epoch 18
2025-03-24 08:04:50,230 - DEBUG - Starting epoch 18/20
2025-03-24 08:04:50,231 - DEBUG - Shuffling dataset for epoch 18
2025-03-24 08:04:50,325 - DEBUG - Starting epoch 19/20
2025-03-24 08:04:50,331 - DEBUG - Shuffling dataset for epoch 19
2025-03-24 08:04:50,429 - DEBUG - Starting epoch 17/20
2025-03-24 08:04:50,430 - DEBUG - Shuffling dataset for epoch 17
2025-03-24 08:04:50,728 - DEBUG - Starting epoch 18/20
2025-03-24 08:04:50,732 - DEBUG - Shuffling dataset for epoch 18
2025-03-24 08:04:52,826 - DEBUG - Starting epoch 18/20
2025-03-24 08:04:52,830 - DEBUG - Shuffling dataset for epoch 18
2025-03-24 08:04:52,834 - DEBUG - Starting epoch 18/20
2025-03-24 08:04:52,920 - DEBUG - Shuffling dataset for epoch 18
2025-03-24 08:04:53,033 - DEBUG - Starting epoch 18/20
2025-03-24 08:04:53,121 - DEBUG - Shuffling dataset for epoch 18
2025-03-24 08:04:53,326 - DEBUG - Starting epoch 20/20
2025-03-24 08:04:53,326 - DEBUG - Shuffling dataset for epoch 20
2025-03-24 08:04:53,327 - DEBUG - Starting epoch 19/20
2025-03-24 08:04:53,327 - DEBUG - Starting epoch 19/20
2025-03-24 08:04:53,328 - DEBUG - Shuffling dataset for epoch 19
2025-03-24 08:04:53,330 - DEBUG - Shuffling dataset for epoch 19
2025-03-24 08:04:53,527 - DEBUG - Starting epoch 18/20
2025-03-24 08:04:53,527 - DEBUG - Shuffling dataset for epoch 18
2025-03-24 08:04:53,528 - DEBUG - Starting epoch 19/20
2025-03-24 08:04:53,528 - DEBUG - Shuffling dataset for epoch 19
2025-03-24 08:04:54,228 - DEBUG - Starting epoch 19/20
2025-03-24 08:04:54,229 - DEBUG - Shuffling dataset for epoch 19
2025-03-24 08:04:55,925 - DEBUG - Starting epoch 19/20
2025-03-24 08:04:55,928 - DEBUG - Shuffling dataset for epoch 19
2025-03-24 08:04:56,027 - DEBUG - Starting epoch 19/20
2025-03-24 08:04:56,121 - DEBUG - Shuffling dataset for epoch 19
2025-03-24 08:04:56,228 - DEBUG - Starting epoch 20/20
2025-03-24 08:04:56,231 - DEBUG - Shuffling dataset for epoch 20
2025-03-24 08:04:56,527 - DEBUG - Starting epoch 19/20
2025-03-24 08:04:56,620 - DEBUG - Shuffling dataset for epoch 19
2025-03-24 08:04:56,925 - DEBUG - Starting epoch 19/20
2025-03-24 08:04:56,925 - INFO - Training completed, saving model weights
2025-03-24 08:04:56,927 - DEBUG - Shuffling dataset for epoch 19
2025-03-24 08:04:56,930 - INFO - Evaluating model performance
2025-03-24 08:04:56,931 - DEBUG - Evaluating training model
2025-03-24 08:04:56,935 - DEBUG - Starting epoch 20/20
2025-03-24 08:04:57,020 - DEBUG - Shuffling dataset for epoch 20
2025-03-24 08:04:57,026 - DEBUG - Starting epoch 20/20
2025-03-24 08:04:57,121 - DEBUG - Shuffling dataset for epoch 20
2025-03-24 08:04:57,524 - DEBUG - Starting epoch 20/20
2025-03-24 08:04:57,527 - DEBUG - Shuffling dataset for epoch 20
2025-03-24 08:04:58,637 - INFO - Sending local model to server
2025-03-24 08:04:58,721 - DEBUG - Sending message of type: MessageType.CLIENT_MODEL to server
2025-03-24 08:04:58,825 - DEBUG - Starting epoch 20/20
2025-03-24 08:04:58,831 - DEBUG - Shuffling dataset for epoch 20
2025-03-24 08:04:59,028 - DEBUG - Starting epoch 20/20
2025-03-24 08:04:59,029 - DEBUG - Shuffling dataset for epoch 20
2025-03-24 08:04:59,125 - DEBUG - Message sent successfully
2025-03-24 08:04:59,126 - DEBUG - Local model sent successfully
2025-03-24 08:04:59,233 - INFO - Training completed, saving model weights
2025-03-24 08:04:59,235 - INFO - Evaluating model performance
2025-03-24 08:04:59,321 - DEBUG - Evaluating training model
2025-03-24 08:04:59,530 - DEBUG - Starting epoch 20/20
2025-03-24 08:04:59,622 - DEBUG - Shuffling dataset for epoch 20
2025-03-24 08:05:00,024 - INFO - Training completed, saving model weights
2025-03-24 08:05:00,034 - INFO - Evaluating model performance
2025-03-24 08:05:00,035 - INFO - Training completed, saving model weights
2025-03-24 08:05:00,120 - DEBUG - Evaluating training model
2025-03-24 08:05:00,126 - INFO - Evaluating model performance
2025-03-24 08:05:00,131 - DEBUG - Evaluating training model
2025-03-24 08:05:00,423 - INFO - Training completed, saving model weights
2025-03-24 08:05:00,423 - DEBUG - Starting epoch 20/20
2025-03-24 08:05:00,520 - DEBUG - Shuffling dataset for epoch 20
2025-03-24 08:05:00,521 - INFO - Evaluating model performance
2025-03-24 08:05:00,524 - DEBUG - Evaluating training model
2025-03-24 08:05:00,824 - INFO - Sending local model to server
2025-03-24 08:05:00,824 - DEBUG - Sending message of type: MessageType.CLIENT_MODEL to server
2025-03-24 08:05:01,026 - DEBUG - Message sent successfully
2025-03-24 08:05:01,027 - DEBUG - Local model sent successfully
2025-03-24 08:05:01,132 - INFO - Training completed, saving model weights
2025-03-24 08:05:01,133 - INFO - Training completed, saving model weights
2025-03-24 08:05:01,135 - INFO - Evaluating model performance
2025-03-24 08:05:01,136 - INFO - Evaluating model performance
2025-03-24 08:05:01,220 - DEBUG - Evaluating training model
2025-03-24 08:05:01,220 - DEBUG - Evaluating training model
2025-03-24 08:05:01,334 - INFO - Sending local model to server
2025-03-24 08:05:01,419 - DEBUG - Sending message of type: MessageType.CLIENT_MODEL to server
2025-03-24 08:05:01,530 - INFO - Sending local model to server
2025-03-24 08:05:01,531 - DEBUG - Sending message of type: MessageType.CLIENT_MODEL to server
2025-03-24 08:05:01,534 - DEBUG - Message sent successfully
2025-03-24 08:05:01,535 - DEBUG - Local model sent successfully
2025-03-24 08:05:01,635 - INFO - Sending local model to server
2025-03-24 08:05:01,636 - DEBUG - Sending message of type: MessageType.CLIENT_MODEL to server
2025-03-24 08:05:01,636 - INFO - Training completed, saving model weights
2025-03-24 08:05:01,721 - INFO - Evaluating model performance
2025-03-24 08:05:01,722 - DEBUG - Evaluating training model
2025-03-24 08:05:01,926 - DEBUG - Message sent successfully
2025-03-24 08:05:01,928 - DEBUG - Local model sent successfully
2025-03-24 08:05:02,123 - INFO - Sending local model to server
2025-03-24 08:05:02,124 - DEBUG - Sending message of type: MessageType.CLIENT_MODEL to server
2025-03-24 08:05:02,128 - INFO - Sending local model to server
2025-03-24 08:05:02,129 - DEBUG - Sending message of type: MessageType.CLIENT_MODEL to server
2025-03-24 08:05:02,137 - INFO - Training completed, saving model weights
2025-03-24 08:05:02,140 - INFO - Evaluating model performance
2025-03-24 08:05:02,144 - DEBUG - Evaluating training model
2025-03-24 08:05:02,422 - INFO - Sending local model to server
2025-03-24 08:05:02,422 - DEBUG - Sending message of type: MessageType.CLIENT_MODEL to server
2025-03-24 08:05:02,456 - DEBUG - Message sent successfully
2025-03-24 08:05:02,456 - DEBUG - Message sent successfully
2025-03-24 08:05:02,456 - DEBUG - Message sent successfully
2025-03-24 08:05:02,457 - DEBUG - Local model sent successfully
2025-03-24 08:05:02,457 - DEBUG - Local model sent successfully
2025-03-24 08:05:02,457 - DEBUG - Local model sent successfully
2025-03-24 08:05:02,522 - INFO - Sending local model to server
2025-03-24 08:05:02,523 - DEBUG - Sending message of type: MessageType.CLIENT_MODEL to server
2025-03-24 08:05:02,621 - DEBUG - Message sent successfully
2025-03-24 08:05:02,621 - DEBUG - Local model sent successfully
2025-03-24 08:05:03,064 - DEBUG - Message sent successfully
2025-03-24 08:05:03,065 - DEBUG - Local model sent successfully
2025-03-24 08:05:03,423 - DEBUG - Received message of type: MessageType.FEDERATED_WEIGHTS with length: 2080532
2025-03-24 08:05:03,424 - DEBUG - Updating model weights
2025-03-24 08:05:03,426 - DEBUG - Model weights updated successfully
2025-03-24 08:05:03,427 - INFO - Evaluating model performance
2025-03-24 08:05:03,427 - DEBUG - Evaluating federated model
2025-03-24 08:05:03,430 - DEBUG - Received message of type: MessageType.FEDERATED_WEIGHTS with length: 2080532
2025-03-24 08:05:03,431 - DEBUG - Updating model weights
2025-03-24 08:05:03,434 - DEBUG - Model weights updated successfully
2025-03-24 08:05:03,434 - INFO - Evaluating model performance
2025-03-24 08:05:03,435 - DEBUG - Evaluating federated model
2025-03-24 08:05:03,439 - DEBUG - Received message of type: MessageType.FEDERATED_WEIGHTS with length: 2080532
2025-03-24 08:05:03,440 - DEBUG - Updating model weights
2025-03-24 08:05:03,443 - DEBUG - Model weights updated successfully
2025-03-24 08:05:03,443 - INFO - Evaluating model performance
2025-03-24 08:05:03,443 - DEBUG - Evaluating federated model
2025-03-24 08:05:03,446 - DEBUG - Received message of type: MessageType.FEDERATED_WEIGHTS with length: 2080532
2025-03-24 08:05:03,447 - DEBUG - Updating model weights
2025-03-24 08:05:03,451 - DEBUG - Model weights updated successfully
2025-03-24 08:05:03,452 - INFO - Evaluating model performance
2025-03-24 08:05:03,453 - DEBUG - Evaluating federated model
2025-03-24 08:05:03,455 - DEBUG - Received message of type: MessageType.FEDERATED_WEIGHTS with length: 2080532
2025-03-24 08:05:03,455 - DEBUG - Updating model weights
2025-03-24 08:05:03,522 - DEBUG - Model weights updated successfully
2025-03-24 08:05:03,522 - INFO - Evaluating model performance
2025-03-24 08:05:03,522 - DEBUG - Received message of type: MessageType.FEDERATED_WEIGHTS with length: 2080532
2025-03-24 08:05:03,523 - DEBUG - Evaluating federated model
2025-03-24 08:05:03,523 - DEBUG - Updating model weights
2025-03-24 08:05:03,527 - DEBUG - Received message of type: MessageType.FEDERATED_WEIGHTS with length: 2080532
2025-03-24 08:05:03,528 - DEBUG - Model weights updated successfully
2025-03-24 08:05:03,528 - DEBUG - Updating model weights
2025-03-24 08:05:03,529 - INFO - Evaluating model performance
2025-03-24 08:05:03,529 - DEBUG - Evaluating federated model
2025-03-24 08:05:03,532 - DEBUG - Model weights updated successfully
2025-03-24 08:05:03,533 - INFO - Evaluating model performance
2025-03-24 08:05:03,534 - DEBUG - Evaluating federated model
2025-03-24 08:05:03,536 - DEBUG - Received message of type: MessageType.FEDERATED_WEIGHTS with length: 2080532
2025-03-24 08:05:03,537 - DEBUG - Updating model weights
2025-03-24 08:05:03,540 - DEBUG - Received message of type: MessageType.FEDERATED_WEIGHTS with length: 2080532
2025-03-24 08:05:03,620 - DEBUG - Updating model weights
2025-03-24 08:05:03,621 - DEBUG - Model weights updated successfully
2025-03-24 08:05:03,623 - INFO - Evaluating model performance
2025-03-24 08:05:03,624 - DEBUG - Model weights updated successfully
2025-03-24 08:05:03,627 - INFO - Evaluating model performance
2025-03-24 08:05:03,628 - DEBUG - Evaluating federated model
2025-03-24 08:05:03,628 - DEBUG - Evaluating federated model
2025-03-24 08:05:04,232 - INFO - Starting model training for 20 epochs
2025-03-24 08:05:04,233 - DEBUG - Starting epoch 1/20
2025-03-24 08:05:04,234 - DEBUG - Shuffling dataset for epoch 1
2025-03-24 08:05:04,325 - INFO - Starting model training for 20 epochs
2025-03-24 08:05:04,325 - DEBUG - Starting epoch 1/20
2025-03-24 08:05:04,325 - DEBUG - Shuffling dataset for epoch 1
2025-03-24 08:05:04,330 - INFO - Starting model training for 20 epochs
2025-03-24 08:05:04,332 - DEBUG - Starting epoch 1/20
2025-03-24 08:05:04,333 - DEBUG - Shuffling dataset for epoch 1
2025-03-24 08:05:04,434 - INFO - Starting model training for 20 epochs
2025-03-24 08:05:04,522 - DEBUG - Starting epoch 1/20
2025-03-24 08:05:04,531 - INFO - Starting model training for 20 epochs
2025-03-24 08:05:04,533 - DEBUG - Starting epoch 1/20
2025-03-24 08:05:04,620 - DEBUG - Shuffling dataset for epoch 1
2025-03-24 08:05:04,620 - DEBUG - Shuffling dataset for epoch 1
2025-03-24 08:05:04,625 - INFO - Starting model training for 20 epochs
2025-03-24 08:05:04,625 - INFO - Starting model training for 20 epochs
2025-03-24 08:05:04,626 - DEBUG - Starting epoch 1/20
2025-03-24 08:05:04,627 - DEBUG - Shuffling dataset for epoch 1
2025-03-24 08:05:04,627 - DEBUG - Starting epoch 1/20
2025-03-24 08:05:04,627 - DEBUG - Shuffling dataset for epoch 1
2025-03-24 08:05:04,631 - INFO - Starting model training for 20 epochs
2025-03-24 08:05:04,720 - DEBUG - Starting epoch 1/20
2025-03-24 08:05:04,729 - INFO - Starting model training for 20 epochs
2025-03-24 08:05:04,730 - DEBUG - Shuffling dataset for epoch 1
2025-03-24 08:05:04,820 - DEBUG - Starting epoch 1/20
2025-03-24 08:05:04,827 - DEBUG - Shuffling dataset for epoch 1
2025-03-24 08:05:07,029 - DEBUG - Starting epoch 2/20
2025-03-24 08:05:07,031 - DEBUG - Shuffling dataset for epoch 2
2025-03-24 08:05:07,123 - DEBUG - Starting epoch 2/20
2025-03-24 08:05:07,124 - DEBUG - Shuffling dataset for epoch 2
2025-03-24 08:05:07,224 - DEBUG - Starting epoch 2/20
2025-03-24 08:05:07,225 - DEBUG - Starting epoch 2/20
2025-03-24 08:05:07,231 - DEBUG - Shuffling dataset for epoch 2
2025-03-24 08:05:07,232 - DEBUG - Shuffling dataset for epoch 2
2025-03-24 08:05:07,624 - DEBUG - Starting epoch 2/20
2025-03-24 08:05:07,627 - DEBUG - Shuffling dataset for epoch 2
2025-03-24 08:05:07,627 - DEBUG - Starting epoch 2/20
2025-03-24 08:05:07,630 - DEBUG - Shuffling dataset for epoch 2
2025-03-24 08:05:07,634 - DEBUG - Starting epoch 2/20
2025-03-24 08:05:07,635 - DEBUG - Shuffling dataset for epoch 2
2025-03-24 08:05:07,930 - DEBUG - Starting epoch 2/20
2025-03-24 08:05:07,931 - DEBUG - Shuffling dataset for epoch 2
2025-03-24 08:05:08,124 - DEBUG - Starting epoch 2/20
2025-03-24 08:05:08,220 - DEBUG - Shuffling dataset for epoch 2
2025-03-24 08:05:10,224 - DEBUG - Starting epoch 3/20
2025-03-24 08:05:10,226 - DEBUG - Starting epoch 3/20
2025-03-24 08:05:10,321 - DEBUG - Shuffling dataset for epoch 3
2025-03-24 08:05:10,321 - DEBUG - Shuffling dataset for epoch 3
2025-03-24 08:05:10,425 - DEBUG - Starting epoch 3/20
2025-03-24 08:05:10,430 - DEBUG - Shuffling dataset for epoch 3
2025-03-24 08:05:10,525 - DEBUG - Starting epoch 3/20
2025-03-24 08:05:10,527 - DEBUG - Shuffling dataset for epoch 3
2025-03-24 08:05:10,625 - DEBUG - Starting epoch 3/20
2025-03-24 08:05:10,626 - DEBUG - Starting epoch 3/20
2025-03-24 08:05:10,626 - DEBUG - Starting epoch 3/20
2025-03-24 08:05:10,627 - DEBUG - Shuffling dataset for epoch 3
2025-03-24 08:05:10,629 - DEBUG - Shuffling dataset for epoch 3
2025-03-24 08:05:10,630 - DEBUG - Shuffling dataset for epoch 3
2025-03-24 08:05:10,825 - DEBUG - Starting epoch 3/20
2025-03-24 08:05:10,920 - DEBUG - Shuffling dataset for epoch 3
2025-03-24 08:05:10,926 - DEBUG - Starting epoch 3/20
2025-03-24 08:05:11,021 - DEBUG - Shuffling dataset for epoch 3
2025-03-24 08:05:13,521 - DEBUG - Starting epoch 4/20
2025-03-24 08:05:13,524 - DEBUG - Starting epoch 4/20
2025-03-24 08:05:13,526 - DEBUG - Shuffling dataset for epoch 4
2025-03-24 08:05:13,526 - DEBUG - Shuffling dataset for epoch 4
2025-03-24 08:05:13,623 - DEBUG - Starting epoch 4/20
2025-03-24 08:05:13,624 - DEBUG - Starting epoch 4/20
2025-03-24 08:05:13,624 - DEBUG - Starting epoch 4/20
2025-03-24 08:05:13,625 - DEBUG - Starting epoch 4/20
2025-03-24 08:05:13,628 - DEBUG - Shuffling dataset for epoch 4
2025-03-24 08:05:13,721 - DEBUG - Shuffling dataset for epoch 4
2025-03-24 08:05:13,721 - DEBUG - Shuffling dataset for epoch 4
2025-03-24 08:05:13,722 - DEBUG - Shuffling dataset for epoch 4
2025-03-24 08:05:13,728 - DEBUG - Starting epoch 4/20
2025-03-24 08:05:13,729 - DEBUG - Shuffling dataset for epoch 4
2025-03-24 08:05:13,827 - DEBUG - Starting epoch 4/20
2025-03-24 08:05:13,830 - DEBUG - Shuffling dataset for epoch 4
2025-03-24 08:05:14,025 - DEBUG - Starting epoch 4/20
2025-03-24 08:05:14,029 - DEBUG - Shuffling dataset for epoch 4
2025-03-24 08:05:16,326 - DEBUG - Starting epoch 5/20
2025-03-24 08:05:16,329 - DEBUG - Starting epoch 5/20
2025-03-24 08:05:16,420 - DEBUG - Shuffling dataset for epoch 5
2025-03-24 08:05:16,420 - DEBUG - Shuffling dataset for epoch 5
2025-03-24 08:05:16,432 - DEBUG - Starting epoch 5/20
2025-03-24 08:05:16,520 - DEBUG - Shuffling dataset for epoch 5
2025-03-24 08:05:16,723 - DEBUG - Starting epoch 5/20
2025-03-24 08:05:16,725 - DEBUG - Starting epoch 5/20
2025-03-24 08:05:16,725 - DEBUG - Starting epoch 5/20
2025-03-24 08:05:16,726 - DEBUG - Shuffling dataset for epoch 5
2025-03-24 08:05:16,728 - DEBUG - Starting epoch 5/20
2025-03-24 08:05:16,728 - DEBUG - Shuffling dataset for epoch 5
2025-03-24 08:05:16,728 - DEBUG - Shuffling dataset for epoch 5
2025-03-24 08:05:16,730 - DEBUG - Shuffling dataset for epoch 5
2025-03-24 08:05:17,126 - DEBUG - Starting epoch 5/20
2025-03-24 08:05:17,127 - DEBUG - Shuffling dataset for epoch 5
2025-03-24 08:05:17,223 - DEBUG - Starting epoch 5/20
2025-03-24 08:05:17,228 - DEBUG - Shuffling dataset for epoch 5
2025-03-24 08:05:19,423 - DEBUG - Starting epoch 6/20
2025-03-24 08:05:19,427 - DEBUG - Shuffling dataset for epoch 6
2025-03-24 08:05:19,524 - DEBUG - Starting epoch 6/20
2025-03-24 08:05:19,525 - DEBUG - Starting epoch 6/20
2025-03-24 08:05:19,525 - DEBUG - Starting epoch 6/20
2025-03-24 08:05:19,532 - DEBUG - Shuffling dataset for epoch 6
2025-03-24 08:05:19,532 - DEBUG - Shuffling dataset for epoch 6
2025-03-24 08:05:19,620 - DEBUG - Shuffling dataset for epoch 6
2025-03-24 08:05:19,823 - DEBUG - Starting epoch 6/20
2025-03-24 08:05:19,824 - DEBUG - Starting epoch 6/20
2025-03-24 08:05:19,824 - DEBUG - Shuffling dataset for epoch 6
2025-03-24 08:05:19,824 - DEBUG - Shuffling dataset for epoch 6
2025-03-24 08:05:19,932 - DEBUG - Starting epoch 6/20
2025-03-24 08:05:19,932 - DEBUG - Shuffling dataset for epoch 6
2025-03-24 08:05:19,935 - DEBUG - Starting epoch 6/20
2025-03-24 08:05:20,020 - DEBUG - Shuffling dataset for epoch 6
2025-03-24 08:05:20,323 - DEBUG - Starting epoch 6/20
2025-03-24 08:05:20,325 - DEBUG - Shuffling dataset for epoch 6
2025-03-24 08:05:22,232 - DEBUG - Starting epoch 7/20
2025-03-24 08:05:22,233 - DEBUG - Shuffling dataset for epoch 7
2025-03-24 08:05:22,327 - DEBUG - Starting epoch 7/20
2025-03-24 08:05:22,330 - DEBUG - Shuffling dataset for epoch 7
2025-03-24 08:05:22,433 - DEBUG - Starting epoch 7/20
2025-03-24 08:05:22,434 - DEBUG - Shuffling dataset for epoch 7
2025-03-24 08:05:22,630 - DEBUG - Starting epoch 7/20
2025-03-24 08:05:22,631 - DEBUG - Shuffling dataset for epoch 7
2025-03-24 08:05:22,828 - DEBUG - Starting epoch 7/20
2025-03-24 08:05:22,832 - DEBUG - Shuffling dataset for epoch 7
2025-03-24 08:05:23,124 - DEBUG - Starting epoch 7/20
2025-03-24 08:05:23,125 - DEBUG - Starting epoch 7/20
2025-03-24 08:05:23,125 - DEBUG - Shuffling dataset for epoch 7
2025-03-24 08:05:23,126 - DEBUG - Shuffling dataset for epoch 7
2025-03-24 08:05:23,126 - DEBUG - Starting epoch 7/20
2025-03-24 08:05:23,126 - DEBUG - Shuffling dataset for epoch 7
2025-03-24 08:05:23,524 - DEBUG - Starting epoch 7/20
2025-03-24 08:05:23,620 - DEBUG - Shuffling dataset for epoch 7
2025-03-24 08:05:25,127 - DEBUG - Starting epoch 8/20
2025-03-24 08:05:25,131 - DEBUG - Shuffling dataset for epoch 8
2025-03-24 08:05:25,427 - DEBUG - Starting epoch 8/20
2025-03-24 08:05:25,429 - DEBUG - Shuffling dataset for epoch 8
2025-03-24 08:05:25,529 - DEBUG - Starting epoch 8/20
2025-03-24 08:05:25,530 - DEBUG - Shuffling dataset for epoch 8
2025-03-24 08:05:25,733 - DEBUG - Starting epoch 8/20
2025-03-24 08:05:25,820 - DEBUG - Shuffling dataset for epoch 8
2025-03-24 08:05:25,924 - DEBUG - Starting epoch 8/20
2025-03-24 08:05:25,927 - DEBUG - Shuffling dataset for epoch 8
2025-03-24 08:05:26,135 - DEBUG - Starting epoch 8/20
2025-03-24 08:05:26,224 - DEBUG - Shuffling dataset for epoch 8
2025-03-24 08:05:26,323 - DEBUG - Starting epoch 8/20
2025-03-24 08:05:26,329 - DEBUG - Shuffling dataset for epoch 8
2025-03-24 08:05:26,524 - DEBUG - Starting epoch 8/20
2025-03-24 08:05:26,528 - DEBUG - Shuffling dataset for epoch 8
2025-03-24 08:05:26,934 - DEBUG - Starting epoch 8/20
2025-03-24 08:05:26,934 - DEBUG - Shuffling dataset for epoch 8
2025-03-24 08:05:28,026 - DEBUG - Starting epoch 9/20
2025-03-24 08:05:28,028 - DEBUG - Shuffling dataset for epoch 9
2025-03-24 08:05:28,524 - DEBUG - Starting epoch 9/20
2025-03-24 08:05:28,527 - DEBUG - Shuffling dataset for epoch 9
2025-03-24 08:05:28,625 - DEBUG - Starting epoch 9/20
2025-03-24 08:05:28,633 - DEBUG - Shuffling dataset for epoch 9
2025-03-24 08:05:28,733 - DEBUG - Starting epoch 9/20
2025-03-24 08:05:28,733 - DEBUG - Shuffling dataset for epoch 9
2025-03-24 08:05:28,934 - DEBUG - Starting epoch 9/20
2025-03-24 08:05:28,935 - DEBUG - Shuffling dataset for epoch 9
2025-03-24 08:05:29,428 - DEBUG - Starting epoch 9/20
2025-03-24 08:05:29,429 - DEBUG - Shuffling dataset for epoch 9
2025-03-24 08:05:29,431 - DEBUG - Starting epoch 9/20
2025-03-24 08:05:29,432 - DEBUG - Shuffling dataset for epoch 9
2025-03-24 08:05:30,129 - DEBUG - Starting epoch 9/20
2025-03-24 08:05:30,132 - DEBUG - Shuffling dataset for epoch 9
2025-03-24 08:05:30,224 - DEBUG - Starting epoch 9/20
2025-03-24 08:05:30,225 - DEBUG - Shuffling dataset for epoch 9
2025-03-24 08:05:30,322 - DEBUG - Starting epoch 10/20
2025-03-24 08:05:30,324 - DEBUG - Shuffling dataset for epoch 10
2025-03-24 08:05:31,826 - DEBUG - Starting epoch 10/20
2025-03-24 08:05:31,918 - DEBUG - Shuffling dataset for epoch 10
2025-03-24 08:05:32,021 - DEBUG - Starting epoch 10/20
2025-03-24 08:05:32,022 - DEBUG - Starting epoch 10/20
2025-03-24 08:05:32,025 - DEBUG - Shuffling dataset for epoch 10
2025-03-24 08:05:32,029 - DEBUG - Shuffling dataset for epoch 10
2025-03-24 08:05:32,424 - DEBUG - Starting epoch 10/20
2025-03-24 08:05:32,519 - DEBUG - Shuffling dataset for epoch 10
2025-03-24 08:05:32,523 - DEBUG - Starting epoch 10/20
2025-03-24 08:05:32,527 - DEBUG - Shuffling dataset for epoch 10
2025-03-24 08:05:32,534 - DEBUG - Starting epoch 10/20
2025-03-24 08:05:32,535 - DEBUG - Shuffling dataset for epoch 10
2025-03-24 08:05:33,324 - DEBUG - Starting epoch 10/20
2025-03-24 08:05:33,328 - DEBUG - Shuffling dataset for epoch 10
2025-03-24 08:05:33,827 - DEBUG - Starting epoch 10/20
2025-03-24 08:05:33,830 - DEBUG - Shuffling dataset for epoch 10
2025-03-24 08:05:34,024 - DEBUG - Starting epoch 11/20
2025-03-24 08:05:34,027 - DEBUG - Shuffling dataset for epoch 11
2025-03-24 08:05:35,227 - DEBUG - Starting epoch 11/20
2025-03-24 08:05:35,228 - DEBUG - Shuffling dataset for epoch 11
2025-03-24 08:05:35,322 - DEBUG - Starting epoch 11/20
2025-03-24 08:05:35,329 - DEBUG - Shuffling dataset for epoch 11
2025-03-24 08:05:35,433 - DEBUG - Starting epoch 11/20
2025-03-24 08:05:35,519 - DEBUG - Shuffling dataset for epoch 11
2025-03-24 08:05:35,726 - DEBUG - Starting epoch 11/20
2025-03-24 08:05:35,729 - DEBUG - Shuffling dataset for epoch 11
2025-03-24 08:05:36,023 - DEBUG - Starting epoch 11/20
2025-03-24 08:05:36,028 - DEBUG - Shuffling dataset for epoch 11
2025-03-24 08:05:36,034 - DEBUG - Starting epoch 11/20
2025-03-24 08:05:36,120 - DEBUG - Shuffling dataset for epoch 11
2025-03-24 08:05:36,921 - DEBUG - Starting epoch 12/20
2025-03-24 08:05:36,922 - DEBUG - Shuffling dataset for epoch 12
2025-03-24 08:05:37,024 - DEBUG - Starting epoch 11/20
2025-03-24 08:05:37,025 - DEBUG - Shuffling dataset for epoch 11
2025-03-24 08:05:37,033 - DEBUG - Starting epoch 11/20
2025-03-24 08:05:37,033 - DEBUG - Shuffling dataset for epoch 11
2025-03-24 08:05:38,528 - DEBUG - Starting epoch 12/20
2025-03-24 08:05:38,531 - DEBUG - Starting epoch 12/20
2025-03-24 08:05:38,619 - DEBUG - Shuffling dataset for epoch 12
2025-03-24 08:05:38,619 - DEBUG - Shuffling dataset for epoch 12
2025-03-24 08:05:38,823 - DEBUG - Starting epoch 12/20
2025-03-24 08:05:38,827 - DEBUG - Starting epoch 12/20
2025-03-24 08:05:38,827 - DEBUG - Shuffling dataset for epoch 12
2025-03-24 08:05:38,828 - DEBUG - Shuffling dataset for epoch 12
2025-03-24 08:05:38,923 - DEBUG - Starting epoch 12/20
2025-03-24 08:05:39,018 - DEBUG - Shuffling dataset for epoch 12
2025-03-24 08:05:39,327 - DEBUG - Starting epoch 12/20
2025-03-24 08:05:39,327 - DEBUG - Shuffling dataset for epoch 12
2025-03-24 08:05:39,621 - DEBUG - Starting epoch 13/20
2025-03-24 08:05:39,622 - DEBUG - Shuffling dataset for epoch 13
2025-03-24 08:05:40,425 - DEBUG - Starting epoch 12/20
2025-03-24 08:05:40,518 - DEBUG - Shuffling dataset for epoch 12
2025-03-24 08:05:40,825 - DEBUG - Starting epoch 12/20
2025-03-24 08:05:40,831 - DEBUG - Shuffling dataset for epoch 12
2025-03-24 08:05:41,633 - DEBUG - Starting epoch 13/20
2025-03-24 08:05:41,719 - DEBUG - Shuffling dataset for epoch 13
2025-03-24 08:05:42,223 - DEBUG - Starting epoch 13/20
2025-03-24 08:05:42,224 - DEBUG - Starting epoch 13/20
2025-03-24 08:05:42,229 - DEBUG - Shuffling dataset for epoch 13
2025-03-24 08:05:42,319 - DEBUG - Shuffling dataset for epoch 13
2025-03-24 08:05:42,333 - DEBUG - Starting epoch 13/20
2025-03-24 08:05:42,419 - DEBUG - Shuffling dataset for epoch 13
2025-03-24 08:05:42,422 - DEBUG - Starting epoch 13/20
2025-03-24 08:05:42,520 - DEBUG - Shuffling dataset for epoch 13
2025-03-24 08:05:42,624 - DEBUG - Starting epoch 14/20
2025-03-24 08:05:42,631 - DEBUG - Shuffling dataset for epoch 14
2025-03-24 08:05:43,030 - DEBUG - Starting epoch 13/20
2025-03-24 08:05:43,118 - DEBUG - Shuffling dataset for epoch 13
2025-03-24 08:05:43,733 - DEBUG - Starting epoch 13/20
2025-03-24 08:05:43,819 - DEBUG - Shuffling dataset for epoch 13
2025-03-24 08:05:44,124 - DEBUG - Starting epoch 13/20
2025-03-24 08:05:44,128 - DEBUG - Shuffling dataset for epoch 13
2025-03-24 08:05:44,426 - DEBUG - Starting epoch 14/20
2025-03-24 08:05:44,430 - DEBUG - Shuffling dataset for epoch 14
2025-03-24 08:05:45,234 - DEBUG - Starting epoch 14/20
2025-03-24 08:05:45,235 - DEBUG - Shuffling dataset for epoch 14
2025-03-24 08:05:45,522 - DEBUG - Starting epoch 14/20
2025-03-24 08:05:45,529 - DEBUG - Shuffling dataset for epoch 14
2025-03-24 08:05:45,723 - DEBUG - Starting epoch 14/20
2025-03-24 08:05:45,724 - DEBUG - Shuffling dataset for epoch 14
2025-03-24 08:05:45,826 - DEBUG - Starting epoch 14/20
2025-03-24 08:05:45,828 - DEBUG - Shuffling dataset for epoch 14
2025-03-24 08:05:46,424 - DEBUG - Starting epoch 14/20
2025-03-24 08:05:46,523 - DEBUG - Shuffling dataset for epoch 14
2025-03-24 08:05:46,524 - DEBUG - Starting epoch 15/20
2025-03-24 08:05:46,619 - DEBUG - Shuffling dataset for epoch 15
2025-03-24 08:05:47,423 - DEBUG - Starting epoch 14/20
2025-03-24 08:05:47,430 - DEBUG - Shuffling dataset for epoch 14
2025-03-24 08:05:47,726 - DEBUG - Starting epoch 15/20
2025-03-24 08:05:47,730 - DEBUG - Shuffling dataset for epoch 15
2025-03-24 08:05:47,823 - DEBUG - Starting epoch 14/20
2025-03-24 08:05:47,830 - DEBUG - Shuffling dataset for epoch 14
2025-03-24 08:05:48,433 - DEBUG - Starting epoch 15/20
2025-03-24 08:05:48,519 - DEBUG - Shuffling dataset for epoch 15
2025-03-24 08:05:48,923 - DEBUG - Starting epoch 15/20
2025-03-24 08:05:48,929 - DEBUG - Shuffling dataset for epoch 15
2025-03-24 08:05:49,024 - DEBUG - Starting epoch 15/20
2025-03-24 08:05:49,025 - DEBUG - Starting epoch 15/20
2025-03-24 08:05:49,029 - DEBUG - Shuffling dataset for epoch 15
2025-03-24 08:05:49,031 - DEBUG - Shuffling dataset for epoch 15
2025-03-24 08:05:49,624 - DEBUG - Starting epoch 15/20
2025-03-24 08:05:49,724 - DEBUG - Shuffling dataset for epoch 15
2025-03-24 08:05:49,930 - DEBUG - Starting epoch 16/20
2025-03-24 08:05:49,931 - DEBUG - Shuffling dataset for epoch 16
2025-03-24 08:05:50,424 - DEBUG - Starting epoch 15/20
2025-03-24 08:05:50,428 - DEBUG - Shuffling dataset for epoch 15
2025-03-24 08:05:50,732 - DEBUG - Starting epoch 16/20
2025-03-24 08:05:50,733 - DEBUG - Shuffling dataset for epoch 16
2025-03-24 08:05:50,824 - DEBUG - Starting epoch 15/20
2025-03-24 08:05:50,921 - DEBUG - Shuffling dataset for epoch 15
2025-03-24 08:05:51,923 - DEBUG - Starting epoch 16/20
2025-03-24 08:05:52,019 - DEBUG - Shuffling dataset for epoch 16
2025-03-24 08:05:52,023 - DEBUG - Starting epoch 16/20
2025-03-24 08:05:52,028 - DEBUG - Shuffling dataset for epoch 16
2025-03-24 08:05:52,432 - DEBUG - Starting epoch 16/20
2025-03-24 08:05:52,523 - DEBUG - Shuffling dataset for epoch 16
2025-03-24 08:05:53,323 - DEBUG - Starting epoch 16/20
2025-03-24 08:05:53,324 - DEBUG - Shuffling dataset for epoch 16
2025-03-24 08:05:53,525 - DEBUG - Starting epoch 17/20
2025-03-24 08:05:53,530 - DEBUG - Shuffling dataset for epoch 17
2025-03-24 08:05:53,623 - DEBUG - Starting epoch 16/20
2025-03-24 08:05:53,631 - DEBUG - Shuffling dataset for epoch 16
2025-03-24 08:05:53,825 - DEBUG - Starting epoch 16/20
2025-03-24 08:05:53,831 - DEBUG - Shuffling dataset for epoch 16
2025-03-24 08:05:54,333 - DEBUG - Starting epoch 17/20
2025-03-24 08:05:54,334 - DEBUG - Shuffling dataset for epoch 17
2025-03-24 08:05:54,923 - DEBUG - Starting epoch 16/20
2025-03-24 08:05:54,932 - DEBUG - Shuffling dataset for epoch 16
2025-03-24 08:05:55,127 - DEBUG - Starting epoch 17/20
2025-03-24 08:05:55,128 - DEBUG - Shuffling dataset for epoch 17
2025-03-24 08:05:55,234 - DEBUG - Starting epoch 17/20
2025-03-24 08:05:55,319 - DEBUG - Shuffling dataset for epoch 17
2025-03-24 08:05:55,827 - DEBUG - Starting epoch 17/20
2025-03-24 08:05:55,921 - DEBUG - Shuffling dataset for epoch 17
2025-03-24 08:05:56,226 - DEBUG - Starting epoch 17/20
2025-03-24 08:05:56,320 - DEBUG - Shuffling dataset for epoch 17
2025-03-24 08:05:56,625 - DEBUG - Starting epoch 18/20
2025-03-24 08:05:56,629 - DEBUG - Shuffling dataset for epoch 18
2025-03-24 08:05:57,028 - DEBUG - Starting epoch 17/20
2025-03-24 08:05:57,030 - DEBUG - Shuffling dataset for epoch 17
2025-03-24 08:05:57,322 - DEBUG - Starting epoch 18/20
2025-03-24 08:05:57,420 - DEBUG - Shuffling dataset for epoch 18
2025-03-24 08:05:58,124 - DEBUG - Starting epoch 17/20
2025-03-24 08:05:58,128 - DEBUG - Shuffling dataset for epoch 17
2025-03-24 08:05:58,424 - DEBUG - Starting epoch 17/20
2025-03-24 08:05:58,425 - DEBUG - Shuffling dataset for epoch 17
2025-03-24 08:05:58,529 - DEBUG - Starting epoch 18/20
2025-03-24 08:05:58,530 - DEBUG - Shuffling dataset for epoch 18
2025-03-24 08:05:58,621 - DEBUG - Starting epoch 18/20
2025-03-24 08:05:58,627 - DEBUG - Shuffling dataset for epoch 18
2025-03-24 08:05:59,127 - DEBUG - Starting epoch 18/20
2025-03-24 08:05:59,219 - DEBUG - Shuffling dataset for epoch 18
2025-03-24 08:05:59,424 - DEBUG - Starting epoch 18/20
2025-03-24 08:05:59,425 - DEBUG - Shuffling dataset for epoch 18
2025-03-24 08:05:59,623 - DEBUG - Starting epoch 19/20
2025-03-24 08:05:59,625 - DEBUG - Shuffling dataset for epoch 19
2025-03-24 08:06:00,524 - DEBUG - Starting epoch 19/20
2025-03-24 08:06:00,529 - DEBUG - Shuffling dataset for epoch 19
2025-03-24 08:06:00,529 - DEBUG - Starting epoch 18/20
2025-03-24 08:06:00,530 - DEBUG - Shuffling dataset for epoch 18
2025-03-24 08:06:01,226 - DEBUG - Starting epoch 18/20
2025-03-24 08:06:01,228 - DEBUG - Shuffling dataset for epoch 18
2025-03-24 08:06:01,421 - DEBUG - Starting epoch 18/20
2025-03-24 08:06:01,425 - DEBUG - Starting epoch 19/20
2025-03-24 08:06:01,426 - DEBUG - Shuffling dataset for epoch 19
2025-03-24 08:06:01,428 - DEBUG - Shuffling dataset for epoch 18
2025-03-24 08:06:01,430 - DEBUG - Starting epoch 19/20
2025-03-24 08:06:01,430 - DEBUG - Shuffling dataset for epoch 19
2025-03-24 08:06:02,523 - DEBUG - Starting epoch 19/20
2025-03-24 08:06:02,525 - DEBUG - Shuffling dataset for epoch 19
2025-03-24 08:06:02,622 - DEBUG - Starting epoch 19/20
2025-03-24 08:06:02,623 - DEBUG - Starting epoch 20/20
2025-03-24 08:06:02,627 - DEBUG - Shuffling dataset for epoch 20
2025-03-24 08:06:02,717 - DEBUG - Shuffling dataset for epoch 19
2025-03-24 08:06:03,427 - DEBUG - Starting epoch 20/20
2025-03-24 08:06:03,429 - DEBUG - Shuffling dataset for epoch 20
2025-03-24 08:06:03,723 - DEBUG - Starting epoch 19/20
2025-03-24 08:06:03,723 - DEBUG - Starting epoch 19/20
2025-03-24 08:06:03,725 - DEBUG - Shuffling dataset for epoch 19
2025-03-24 08:06:03,726 - DEBUG - Shuffling dataset for epoch 19
2025-03-24 08:06:03,930 - DEBUG - Starting epoch 19/20
2025-03-24 08:06:03,930 - DEBUG - Shuffling dataset for epoch 19
2025-03-24 08:06:04,221 - DEBUG - Starting epoch 20/20
2025-03-24 08:06:04,224 - DEBUG - Shuffling dataset for epoch 20
2025-03-24 08:06:04,323 - DEBUG - Starting epoch 20/20
2025-03-24 08:06:04,330 - DEBUG - Shuffling dataset for epoch 20
2025-03-24 08:06:05,127 - DEBUG - Starting epoch 20/20
2025-03-24 08:06:05,130 - DEBUG - Shuffling dataset for epoch 20
2025-03-24 08:06:05,524 - INFO - Training completed, saving model weights
2025-03-24 08:06:05,531 - INFO - Evaluating model performance
2025-03-24 08:06:05,618 - DEBUG - Evaluating training model
2025-03-24 08:06:05,631 - DEBUG - Starting epoch 20/20
2025-03-24 08:06:05,718 - DEBUG - Shuffling dataset for epoch 20
2025-03-24 08:06:06,529 - DEBUG - Starting epoch 20/20
2025-03-24 08:06:06,618 - DEBUG - Shuffling dataset for epoch 20
2025-03-24 08:06:06,622 - INFO - Training completed, saving model weights
2025-03-24 08:06:06,723 - INFO - Evaluating model performance
2025-03-24 08:06:06,729 - DEBUG - Evaluating training model
2025-03-24 08:06:06,834 - DEBUG - Starting epoch 20/20
2025-03-24 08:06:06,918 - DEBUG - Shuffling dataset for epoch 20
2025-03-24 08:06:06,931 - DEBUG - Starting epoch 20/20
2025-03-24 08:06:07,019 - DEBUG - Shuffling dataset for epoch 20
2025-03-24 08:06:07,224 - INFO - Training completed, saving model weights
2025-03-24 08:06:07,226 - INFO - Training completed, saving model weights
2025-03-24 08:06:07,230 - INFO - Evaluating model performance
2025-03-24 08:06:07,230 - INFO - Evaluating model performance
2025-03-24 08:06:07,231 - DEBUG - Evaluating training model
2025-03-24 08:06:07,231 - DEBUG - Evaluating training model
2025-03-24 08:06:07,430 - INFO - Sending local model to server
2025-03-24 08:06:07,431 - DEBUG - Sending message of type: MessageType.CLIENT_MODEL to server
2025-03-24 08:06:07,535 - INFO - Training completed, saving model weights
2025-03-24 08:06:07,558 - DEBUG - Message sent successfully
2025-03-24 08:06:07,558 - DEBUG - Local model sent successfully
2025-03-24 08:06:07,622 - INFO - Evaluating model performance
2025-03-24 08:06:07,623 - DEBUG - Evaluating training model
2025-03-24 08:06:08,132 - INFO - Sending local model to server
2025-03-24 08:06:08,218 - DEBUG - Sending message of type: MessageType.CLIENT_MODEL to server
2025-03-24 08:06:08,223 - INFO - Training completed, saving model weights
2025-03-24 08:06:08,229 - INFO - Evaluating model performance
2025-03-24 08:06:08,235 - DEBUG - Message sent successfully
2025-03-24 08:06:08,318 - DEBUG - Local model sent successfully
2025-03-24 08:06:08,230 - DEBUG - Evaluating training model
2025-03-24 08:06:08,635 - INFO - Sending local model to server
2025-03-24 08:06:08,718 - DEBUG - Sending message of type: MessageType.CLIENT_MODEL to server
2025-03-24 08:06:08,721 - INFO - Training completed, saving model weights
2025-03-24 08:06:08,724 - INFO - Sending local model to server
2025-03-24 08:06:08,725 - INFO - Evaluating model performance
2025-03-24 08:06:08,725 - DEBUG - Sending message of type: MessageType.CLIENT_MODEL to server
2025-03-24 08:06:08,725 - DEBUG - Evaluating training model
2025-03-24 08:06:08,733 - DEBUG - Message sent successfully
2025-03-24 08:06:08,734 - DEBUG - Local model sent successfully
2025-03-24 08:06:08,735 - INFO - Training completed, saving model weights
2025-03-24 08:06:08,736 - INFO - Training completed, saving model weights
2025-03-24 08:06:08,737 - INFO - Evaluating model performance
2025-03-24 08:06:08,738 - DEBUG - Evaluating training model
2025-03-24 08:06:08,739 - INFO - Evaluating model performance
2025-03-24 08:06:08,818 - DEBUG - Evaluating training model
2025-03-24 08:06:08,818 - DEBUG - Message sent successfully
2025-03-24 08:06:08,819 - DEBUG - Local model sent successfully
2025-03-24 08:06:08,921 - INFO - Sending local model to server
2025-03-24 08:06:08,922 - DEBUG - Sending message of type: MessageType.CLIENT_MODEL to server
2025-03-24 08:06:08,935 - DEBUG - Message sent successfully
2025-03-24 08:06:08,936 - DEBUG - Local model sent successfully
2025-03-24 08:06:09,053 - INFO - Sending local model to server
2025-03-24 08:06:09,054 - DEBUG - Sending message of type: MessageType.CLIENT_MODEL to server
2025-03-24 08:06:09,122 - DEBUG - Message sent successfully
2025-03-24 08:06:09,123 - DEBUG - Local model sent successfully
2025-03-24 08:06:09,223 - INFO - Sending local model to server
2025-03-24 08:06:09,223 - DEBUG - Sending message of type: MessageType.CLIENT_MODEL to server
2025-03-24 08:06:09,226 - INFO - Sending local model to server
2025-03-24 08:06:09,227 - DEBUG - Sending message of type: MessageType.CLIENT_MODEL to server
2025-03-24 08:06:09,227 - DEBUG - Message sent successfully
2025-03-24 08:06:09,227 - DEBUG - Local model sent successfully
2025-03-24 08:06:09,229 - INFO - Sending local model to server
2025-03-24 08:06:09,230 - DEBUG - Sending message of type: MessageType.CLIENT_MODEL to server
2025-03-24 08:06:09,234 - DEBUG - Message sent successfully
2025-03-24 08:06:09,234 - DEBUG - Local model sent successfully
2025-03-24 08:06:09,243 - DEBUG - Message sent successfully
2025-03-24 08:06:09,244 - DEBUG - Local model sent successfully
2025-03-24 08:06:09,368 - DEBUG - Received message of type: MessageType.FEDERATED_WEIGHTS with length: 2080532
2025-03-24 08:06:09,368 - DEBUG - Updating model weights
2025-03-24 08:06:09,371 - DEBUG - Model weights updated successfully
2025-03-24 08:06:09,372 - INFO - Evaluating model performance
2025-03-24 08:06:09,372 - DEBUG - Evaluating federated model
2025-03-24 08:06:09,373 - DEBUG - Received message of type: MessageType.FEDERATED_WEIGHTS with length: 2080532
2025-03-24 08:06:09,373 - DEBUG - Updating model weights
2025-03-24 08:06:09,375 - DEBUG - Received message of type: MessageType.FEDERATED_WEIGHTS with length: 2080532
2025-03-24 08:06:09,376 - DEBUG - Updating model weights
2025-03-24 08:06:09,377 - DEBUG - Model weights updated successfully
2025-03-24 08:06:09,377 - INFO - Evaluating model performance
2025-03-24 08:06:09,378 - DEBUG - Evaluating federated model
2025-03-24 08:06:09,379 - DEBUG - Model weights updated successfully
2025-03-24 08:06:09,379 - DEBUG - Received message of type: MessageType.FEDERATED_WEIGHTS with length: 2080532
2025-03-24 08:06:09,380 - DEBUG - Updating model weights
2025-03-24 08:06:09,380 - INFO - Evaluating model performance
2025-03-24 08:06:09,380 - DEBUG - Evaluating federated model
2025-03-24 08:06:09,383 - DEBUG - Received message of type: MessageType.FEDERATED_WEIGHTS with length: 2080532
2025-03-24 08:06:09,383 - DEBUG - Model weights updated successfully
2025-03-24 08:06:09,384 - DEBUG - Updating model weights
2025-03-24 08:06:09,385 - INFO - Evaluating model performance
2025-03-24 08:06:09,385 - DEBUG - Evaluating federated model
2025-03-24 08:06:09,388 - DEBUG - Model weights updated successfully
2025-03-24 08:06:09,389 - INFO - Evaluating model performance
2025-03-24 08:06:09,389 - DEBUG - Evaluating federated model
2025-03-24 08:06:09,390 - DEBUG - Received message of type: MessageType.FEDERATED_WEIGHTS with length: 2080532
2025-03-24 08:06:09,390 - DEBUG - Updating model weights
2025-03-24 08:06:09,393 - DEBUG - Model weights updated successfully
2025-03-24 08:06:09,418 - INFO - Evaluating model performance
2025-03-24 08:06:09,420 - DEBUG - Evaluating federated model
2025-03-24 08:06:09,430 - DEBUG - Received message of type: MessageType.FEDERATED_WEIGHTS with length: 2080532
2025-03-24 08:06:09,431 - DEBUG - Updating model weights
2025-03-24 08:06:09,433 - DEBUG - Received message of type: MessageType.FEDERATED_WEIGHTS with length: 2080532
2025-03-24 08:06:09,434 - DEBUG - Updating model weights
2025-03-24 08:06:09,436 - DEBUG - Received message of type: MessageType.FEDERATED_WEIGHTS with length: 2080532
2025-03-24 08:06:09,437 - DEBUG - Updating model weights
2025-03-24 08:06:09,439 - DEBUG - Model weights updated successfully
2025-03-24 08:06:09,518 - INFO - Evaluating model performance
2025-03-24 08:06:09,520 - DEBUG - Model weights updated successfully
2025-03-24 08:06:09,521 - DEBUG - Model weights updated successfully
2025-03-24 08:06:09,523 - INFO - Evaluating model performance
2025-03-24 08:06:09,523 - INFO - Evaluating model performance
2025-03-24 08:06:09,523 - DEBUG - Evaluating federated model
2025-03-24 08:06:09,523 - DEBUG - Evaluating federated model
2025-03-24 08:06:09,523 - DEBUG - Evaluating federated model
2025-03-24 08:06:10,319 - INFO - Starting model training for 20 epochs
2025-03-24 08:06:10,320 - DEBUG - Starting epoch 1/20
2025-03-24 08:06:10,321 - DEBUG - Shuffling dataset for epoch 1
2025-03-24 08:06:10,323 - INFO - Starting model training for 20 epochs
2025-03-24 08:06:10,323 - INFO - Starting model training for 20 epochs
2025-03-24 08:06:10,323 - DEBUG - Starting epoch 1/20
2025-03-24 08:06:10,323 - DEBUG - Starting epoch 1/20
2025-03-24 08:06:10,324 - DEBUG - Shuffling dataset for epoch 1
2025-03-24 08:06:10,324 - DEBUG - Shuffling dataset for epoch 1
2025-03-24 08:06:10,332 - INFO - Starting model training for 20 epochs
2025-03-24 08:06:10,333 - DEBUG - Starting epoch 1/20
2025-03-24 08:06:10,336 - DEBUG - Shuffling dataset for epoch 1
2025-03-24 08:06:10,627 - INFO - Starting model training for 20 epochs
2025-03-24 08:06:10,630 - DEBUG - Starting epoch 1/20
2025-03-24 08:06:10,631 - DEBUG - Shuffling dataset for epoch 1
2025-03-24 08:06:10,631 - INFO - Starting model training for 20 epochs
2025-03-24 08:06:10,633 - DEBUG - Starting epoch 1/20
2025-03-24 08:06:10,718 - DEBUG - Shuffling dataset for epoch 1
2025-03-24 08:06:10,731 - INFO - Starting model training for 20 epochs
2025-03-24 08:06:10,732 - INFO - Starting model training for 20 epochs
2025-03-24 08:06:10,732 - DEBUG - Starting epoch 1/20
2025-03-24 08:06:10,732 - DEBUG - Shuffling dataset for epoch 1
2025-03-24 08:06:10,818 - DEBUG - Starting epoch 1/20
2025-03-24 08:06:10,820 - DEBUG - Shuffling dataset for epoch 1
2025-03-24 08:06:10,822 - INFO - Starting model training for 20 epochs
2025-03-24 08:06:10,829 - DEBUG - Starting epoch 1/20
2025-03-24 08:06:10,830 - DEBUG - Shuffling dataset for epoch 1
2025-03-24 08:06:13,122 - DEBUG - Starting epoch 2/20
2025-03-24 08:06:13,126 - DEBUG - Shuffling dataset for epoch 2
2025-03-24 08:06:13,133 - DEBUG - Starting epoch 2/20
2025-03-24 08:06:13,218 - DEBUG - Shuffling dataset for epoch 2
2025-03-24 08:06:13,220 - DEBUG - Starting epoch 2/20
2025-03-24 08:06:13,221 - DEBUG - Starting epoch 2/20
2025-03-24 08:06:13,225 - DEBUG - Shuffling dataset for epoch 2
2025-03-24 08:06:13,226 - DEBUG - Shuffling dataset for epoch 2
2025-03-24 08:06:13,625 - DEBUG - Starting epoch 2/20
2025-03-24 08:06:13,630 - DEBUG - Starting epoch 2/20
2025-03-24 08:06:13,719 - DEBUG - Shuffling dataset for epoch 2
2025-03-24 08:06:13,719 - DEBUG - Shuffling dataset for epoch 2
2025-03-24 08:06:13,827 - DEBUG - Starting epoch 2/20
2025-03-24 08:06:13,829 - DEBUG - Shuffling dataset for epoch 2
2025-03-24 08:06:13,831 - DEBUG - Starting epoch 2/20
2025-03-24 08:06:13,833 - DEBUG - Starting epoch 2/20
2025-03-24 08:06:13,918 - DEBUG - Shuffling dataset for epoch 2
2025-03-24 08:06:13,920 - DEBUG - Shuffling dataset for epoch 2
2025-03-24 08:06:16,025 - DEBUG - Starting epoch 3/20
2025-03-24 08:06:16,028 - DEBUG - Shuffling dataset for epoch 3
2025-03-24 08:06:16,323 - DEBUG - Starting epoch 3/20
2025-03-24 08:06:16,327 - DEBUG - Shuffling dataset for epoch 3
2025-03-24 08:06:16,333 - DEBUG - Starting epoch 3/20
2025-03-24 08:06:16,418 - DEBUG - Shuffling dataset for epoch 3
2025-03-24 08:06:16,422 - DEBUG - Starting epoch 3/20
2025-03-24 08:06:16,518 - DEBUG - Shuffling dataset for epoch 3
2025-03-24 08:06:16,525 - DEBUG - Starting epoch 3/20
2025-03-24 08:06:16,528 - DEBUG - Shuffling dataset for epoch 3
2025-03-24 08:06:16,626 - DEBUG - Starting epoch 3/20
2025-03-24 08:06:16,630 - DEBUG - Shuffling dataset for epoch 3
2025-03-24 08:06:16,824 - DEBUG - Starting epoch 3/20
2025-03-24 08:06:16,829 - DEBUG - Shuffling dataset for epoch 3
2025-03-24 08:06:17,022 - DEBUG - Starting epoch 3/20
2025-03-24 08:06:17,028 - DEBUG - Shuffling dataset for epoch 3
2025-03-24 08:06:17,228 - DEBUG - Starting epoch 3/20
2025-03-24 08:06:17,318 - DEBUG - Shuffling dataset for epoch 3
2025-03-24 08:06:18,824 - DEBUG - Starting epoch 4/20
2025-03-24 08:06:18,828 - DEBUG - Shuffling dataset for epoch 4
2025-03-24 08:06:19,223 - DEBUG - Starting epoch 4/20
2025-03-24 08:06:19,228 - DEBUG - Shuffling dataset for epoch 4
2025-03-24 08:06:19,324 - DEBUG - Starting epoch 4/20
2025-03-24 08:06:19,324 - DEBUG - Starting epoch 4/20
2025-03-24 08:06:19,329 - DEBUG - Shuffling dataset for epoch 4
2025-03-24 08:06:19,330 - DEBUG - Shuffling dataset for epoch 4
2025-03-24 08:06:19,930 - DEBUG - Starting epoch 4/20
2025-03-24 08:06:19,931 - DEBUG - Shuffling dataset for epoch 4
2025-03-24 08:06:20,021 - DEBUG - Starting epoch 4/20
2025-03-24 08:06:20,022 - DEBUG - Starting epoch 4/20
2025-03-24 08:06:20,024 - DEBUG - Shuffling dataset for epoch 4
2025-03-24 08:06:20,026 - DEBUG - Shuffling dataset for epoch 4
2025-03-24 08:06:20,121 - DEBUG - Starting epoch 4/20
2025-03-24 08:06:20,129 - DEBUG - Shuffling dataset for epoch 4
2025-03-24 08:06:20,434 - DEBUG - Starting epoch 4/20
2025-03-24 08:06:20,434 - DEBUG - Shuffling dataset for epoch 4
2025-03-24 08:06:21,331 - DEBUG - Starting epoch 5/20
2025-03-24 08:06:21,333 - DEBUG - Shuffling dataset for epoch 5
2025-03-24 08:06:22,124 - DEBUG - Starting epoch 5/20
2025-03-24 08:06:22,125 - DEBUG - Shuffling dataset for epoch 5
2025-03-24 08:06:22,223 - DEBUG - Starting epoch 5/20
2025-03-24 08:06:22,230 - DEBUG - Shuffling dataset for epoch 5
2025-03-24 08:06:22,826 - DEBUG - Starting epoch 5/20
2025-03-24 08:06:22,829 - DEBUG - Shuffling dataset for epoch 5
2025-03-24 08:06:23,127 - DEBUG - Starting epoch 5/20
2025-03-24 08:06:23,129 - DEBUG - Starting epoch 5/20
2025-03-24 08:06:23,132 - DEBUG - Shuffling dataset for epoch 5
2025-03-24 08:06:23,218 - DEBUG - Shuffling dataset for epoch 5
2025-03-24 08:06:23,219 - DEBUG - Starting epoch 5/20
2025-03-24 08:06:23,220 - DEBUG - Shuffling dataset for epoch 5
2025-03-24 08:06:23,224 - DEBUG - Starting epoch 5/20
2025-03-24 08:06:23,225 - DEBUG - Shuffling dataset for epoch 5
2025-03-24 08:06:23,624 - DEBUG - Starting epoch 5/20
2025-03-24 08:06:23,626 - DEBUG - Shuffling dataset for epoch 5
2025-03-24 08:06:24,224 - DEBUG - Starting epoch 6/20
2025-03-24 08:06:24,318 - DEBUG - Shuffling dataset for epoch 6
2025-03-24 08:06:25,424 - DEBUG - Starting epoch 6/20
2025-03-24 08:06:25,429 - DEBUG - Shuffling dataset for epoch 6
2025-03-24 08:06:25,523 - DEBUG - Starting epoch 6/20
2025-03-24 08:06:25,530 - DEBUG - Shuffling dataset for epoch 6
2025-03-24 08:06:26,323 - DEBUG - Starting epoch 6/20
2025-03-24 08:06:26,330 - DEBUG - Shuffling dataset for epoch 6
2025-03-24 08:06:26,422 - DEBUG - Starting epoch 6/20
2025-03-24 08:06:26,518 - DEBUG - Shuffling dataset for epoch 6
2025-03-24 08:06:26,530 - DEBUG - Starting epoch 6/20
2025-03-24 08:06:26,619 - DEBUG - Shuffling dataset for epoch 6
2025-03-24 08:06:26,627 - DEBUG - Starting epoch 6/20
2025-03-24 08:06:26,628 - DEBUG - Starting epoch 6/20
2025-03-24 08:06:26,718 - DEBUG - Shuffling dataset for epoch 6
2025-03-24 08:06:26,718 - DEBUG - Shuffling dataset for epoch 6
2025-03-24 08:06:26,931 - DEBUG - Starting epoch 6/20
2025-03-24 08:06:27,025 - DEBUG - Shuffling dataset for epoch 6
2025-03-24 08:06:27,824 - DEBUG - Starting epoch 7/20
2025-03-24 08:06:27,828 - DEBUG - Shuffling dataset for epoch 7
2025-03-24 08:06:28,324 - DEBUG - Starting epoch 7/20
2025-03-24 08:06:28,326 - DEBUG - Shuffling dataset for epoch 7
2025-03-24 08:06:28,931 - DEBUG - Starting epoch 7/20
2025-03-24 08:06:29,026 - DEBUG - Shuffling dataset for epoch 7
2025-03-24 08:06:29,524 - DEBUG - Starting epoch 7/20
2025-03-24 08:06:29,528 - DEBUG - Shuffling dataset for epoch 7
2025-03-24 08:06:29,722 - DEBUG - Starting epoch 7/20
2025-03-24 08:06:29,729 - DEBUG - Shuffling dataset for epoch 7
2025-03-24 08:06:29,826 - DEBUG - Starting epoch 7/20
2025-03-24 08:06:29,920 - DEBUG - Shuffling dataset for epoch 7
2025-03-24 08:06:30,231 - DEBUG - Starting epoch 7/20
2025-03-24 08:06:30,318 - DEBUG - Shuffling dataset for epoch 7
2025-03-24 08:06:30,420 - DEBUG - Starting epoch 7/20
2025-03-24 08:06:30,426 - DEBUG - Shuffling dataset for epoch 7
2025-03-24 08:06:30,523 - DEBUG - Starting epoch 7/20
2025-03-24 08:06:30,620 - DEBUG - Shuffling dataset for epoch 7
2025-03-24 08:06:31,033 - DEBUG - Starting epoch 8/20
2025-03-24 08:06:31,118 - DEBUG - Shuffling dataset for epoch 8
2025-03-24 08:06:31,523 - DEBUG - Starting epoch 8/20
2025-03-24 08:06:31,533 - DEBUG - Shuffling dataset for epoch 8
2025-03-24 08:06:32,331 - DEBUG - Starting epoch 8/20
2025-03-24 08:06:32,417 - DEBUG - Shuffling dataset for epoch 8
2025-03-24 08:06:32,525 - DEBUG - Starting epoch 8/20
2025-03-24 08:06:32,530 - DEBUG - Shuffling dataset for epoch 8
2025-03-24 08:06:33,025 - DEBUG - Starting epoch 8/20
2025-03-24 08:06:33,117 - DEBUG - Shuffling dataset for epoch 8
2025-03-24 08:06:33,122 - DEBUG - Starting epoch 8/20
2025-03-24 08:06:33,217 - DEBUG - Shuffling dataset for epoch 8
2025-03-24 08:06:33,523 - DEBUG - Starting epoch 8/20
2025-03-24 08:06:33,531 - DEBUG - Shuffling dataset for epoch 8
2025-03-24 08:06:34,226 - DEBUG - Starting epoch 8/20
2025-03-24 08:06:34,232 - DEBUG - Starting epoch 8/20
2025-03-24 08:06:34,318 - DEBUG - Shuffling dataset for epoch 8
2025-03-24 08:06:34,229 - DEBUG - Shuffling dataset for epoch 8
2025-03-24 08:06:34,530 - DEBUG - Starting epoch 9/20
2025-03-24 08:06:34,619 - DEBUG - Shuffling dataset for epoch 9
2025-03-24 08:06:34,922 - DEBUG - Starting epoch 9/20
2025-03-24 08:06:34,929 - DEBUG - Shuffling dataset for epoch 9
2025-03-24 08:06:35,735 - DEBUG - Starting epoch 9/20
2025-03-24 08:06:35,817 - DEBUG - Shuffling dataset for epoch 9
2025-03-24 08:06:35,832 - DEBUG - Starting epoch 9/20
2025-03-24 08:06:35,834 - DEBUG - Shuffling dataset for epoch 9
2025-03-24 08:06:36,219 - DEBUG - Starting epoch 9/20
2025-03-24 08:06:36,231 - DEBUG - Shuffling dataset for epoch 9
2025-03-24 08:06:36,725 - DEBUG - Starting epoch 9/20
2025-03-24 08:06:36,726 - DEBUG - Shuffling dataset for epoch 9
2025-03-24 08:06:36,734 - DEBUG - Starting epoch 9/20
2025-03-24 08:06:36,818 - DEBUG - Shuffling dataset for epoch 9
2025-03-24 08:06:37,219 - DEBUG - Starting epoch 9/20
2025-03-24 08:06:37,222 - DEBUG - Shuffling dataset for epoch 9
2025-03-24 08:06:37,520 - DEBUG - Starting epoch 10/20
2025-03-24 08:06:37,534 - DEBUG - Shuffling dataset for epoch 10
2025-03-24 08:06:37,821 - DEBUG - Starting epoch 9/20
2025-03-24 08:06:37,832 - DEBUG - Shuffling dataset for epoch 9
2025-03-24 08:06:38,419 - DEBUG - Starting epoch 10/20
2025-03-24 08:06:38,435 - DEBUG - Shuffling dataset for epoch 10
2025-03-24 08:06:38,930 - DEBUG - Starting epoch 10/20
2025-03-24 08:06:38,931 - DEBUG - Shuffling dataset for epoch 10
2025-03-24 08:06:39,128 - DEBUG - Starting epoch 10/20
2025-03-24 08:06:39,129 - DEBUG - Shuffling dataset for epoch 10
2025-03-24 08:06:39,721 - DEBUG - Starting epoch 10/20
2025-03-24 08:06:39,722 - DEBUG - Shuffling dataset for epoch 10
2025-03-24 08:06:39,832 - DEBUG - Starting epoch 10/20
2025-03-24 08:06:39,917 - DEBUG - Shuffling dataset for epoch 10
2025-03-24 08:06:39,921 - DEBUG - Starting epoch 10/20
2025-03-24 08:06:40,019 - DEBUG - Shuffling dataset for epoch 10
2025-03-24 08:06:40,121 - DEBUG - Starting epoch 10/20
2025-03-24 08:06:40,129 - DEBUG - Shuffling dataset for epoch 10
2025-03-24 08:06:40,323 - DEBUG - Starting epoch 11/20
2025-03-24 08:06:40,417 - DEBUG - Shuffling dataset for epoch 11
2025-03-24 08:06:41,127 - DEBUG - Starting epoch 10/20
2025-03-24 08:06:41,128 - DEBUG - Shuffling dataset for epoch 10
2025-03-24 08:06:41,221 - DEBUG - Starting epoch 11/20
2025-03-24 08:06:41,225 - DEBUG - Shuffling dataset for epoch 11
2025-03-24 08:06:41,923 - DEBUG - Starting epoch 11/20
2025-03-24 08:06:41,925 - DEBUG - Starting epoch 11/20
2025-03-24 08:06:41,925 - DEBUG - Shuffling dataset for epoch 11
2025-03-24 08:06:41,927 - DEBUG - Shuffling dataset for epoch 11
2025-03-24 08:06:42,920 - DEBUG - Starting epoch 11/20
2025-03-24 08:06:42,920 - DEBUG - Starting epoch 11/20
2025-03-24 08:06:42,920 - DEBUG - Starting epoch 11/20
2025-03-24 08:06:42,926 - DEBUG - Shuffling dataset for epoch 11
2025-03-24 08:06:42,927 - DEBUG - Shuffling dataset for epoch 11
2025-03-24 08:06:42,928 - DEBUG - Shuffling dataset for epoch 11
2025-03-24 08:06:43,322 - DEBUG - Starting epoch 11/20
2025-03-24 08:06:43,326 - DEBUG - Starting epoch 12/20
2025-03-24 08:06:43,328 - DEBUG - Shuffling dataset for epoch 11
2025-03-24 08:06:43,417 - DEBUG - Shuffling dataset for epoch 12
2025-03-24 08:06:44,028 - DEBUG - Starting epoch 11/20
2025-03-24 08:06:44,118 - DEBUG - Shuffling dataset for epoch 11
2025-03-24 08:06:44,430 - DEBUG - Starting epoch 12/20
2025-03-24 08:06:44,518 - DEBUG - Shuffling dataset for epoch 12
2025-03-24 08:06:45,022 - DEBUG - Starting epoch 12/20
2025-03-24 08:06:45,027 - DEBUG - Shuffling dataset for epoch 12
2025-03-24 08:06:45,318 - DEBUG - Starting epoch 12/20
2025-03-24 08:06:45,324 - DEBUG - Shuffling dataset for epoch 12
2025-03-24 08:06:45,624 - DEBUG - Starting epoch 12/20
2025-03-24 08:06:45,626 - DEBUG - Shuffling dataset for epoch 12
2025-03-24 08:06:45,821 - DEBUG - Starting epoch 12/20
2025-03-24 08:06:45,826 - DEBUG - Starting epoch 12/20
2025-03-24 08:06:45,829 - DEBUG - Shuffling dataset for epoch 12
2025-03-24 08:06:45,829 - DEBUG - Shuffling dataset for epoch 12
2025-03-24 08:06:46,134 - DEBUG - Starting epoch 12/20
2025-03-24 08:06:46,217 - DEBUG - Shuffling dataset for epoch 12
2025-03-24 08:06:46,221 - DEBUG - Starting epoch 13/20
2025-03-24 08:06:46,226 - DEBUG - Shuffling dataset for epoch 13
2025-03-24 08:06:47,228 - DEBUG - Starting epoch 12/20
2025-03-24 08:06:47,231 - DEBUG - Shuffling dataset for epoch 12
2025-03-24 08:06:47,430 - DEBUG - Starting epoch 13/20
2025-03-24 08:06:47,517 - DEBUG - Shuffling dataset for epoch 13
2025-03-24 08:06:48,322 - DEBUG - Starting epoch 13/20
2025-03-24 08:06:48,330 - DEBUG - Shuffling dataset for epoch 13
2025-03-24 08:06:48,424 - DEBUG - Starting epoch 13/20
2025-03-24 08:06:48,427 - DEBUG - Shuffling dataset for epoch 13
2025-03-24 08:06:48,923 - DEBUG - Starting epoch 13/20
2025-03-24 08:06:48,927 - DEBUG - Shuffling dataset for epoch 13
2025-03-24 08:06:49,035 - DEBUG - Starting epoch 13/20
2025-03-24 08:06:49,117 - DEBUG - Shuffling dataset for epoch 13
2025-03-24 08:06:49,233 - DEBUG - Starting epoch 13/20
2025-03-24 08:06:49,317 - DEBUG - Shuffling dataset for epoch 13
2025-03-24 08:06:49,529 - DEBUG - Starting epoch 13/20
2025-03-24 08:06:49,530 - DEBUG - Shuffling dataset for epoch 13
2025-03-24 08:06:49,721 - DEBUG - Starting epoch 14/20
2025-03-24 08:06:49,818 - DEBUG - Shuffling dataset for epoch 14
2025-03-24 08:06:50,520 - DEBUG - Starting epoch 13/20
2025-03-24 08:06:50,523 - DEBUG - Shuffling dataset for epoch 13
2025-03-24 08:06:50,621 - DEBUG - Starting epoch 14/20
2025-03-24 08:06:50,625 - DEBUG - Shuffling dataset for epoch 14
2025-03-24 08:06:51,525 - DEBUG - Starting epoch 14/20
2025-03-24 08:06:51,529 - DEBUG - Shuffling dataset for epoch 14
2025-03-24 08:06:51,622 - DEBUG - Starting epoch 14/20
2025-03-24 08:06:51,625 - DEBUG - Shuffling dataset for epoch 14
2025-03-24 08:06:52,129 - DEBUG - Starting epoch 14/20
2025-03-24 08:06:52,130 - DEBUG - Shuffling dataset for epoch 14
2025-03-24 08:06:52,229 - DEBUG - Starting epoch 14/20
2025-03-24 08:06:52,230 - DEBUG - Shuffling dataset for epoch 14
2025-03-24 08:06:52,522 - DEBUG - Starting epoch 14/20
2025-03-24 08:06:52,527 - DEBUG - Shuffling dataset for epoch 14
2025-03-24 08:06:52,621 - DEBUG - Starting epoch 14/20
2025-03-24 08:06:52,624 - DEBUG - Shuffling dataset for epoch 14
2025-03-24 08:06:53,020 - DEBUG - Starting epoch 15/20
2025-03-24 08:06:53,028 - DEBUG - Shuffling dataset for epoch 15
2025-03-24 08:06:53,428 - DEBUG - Starting epoch 15/20
2025-03-24 08:06:53,429 - DEBUG - Shuffling dataset for epoch 15
2025-03-24 08:06:53,432 - DEBUG - Starting epoch 14/20
2025-03-24 08:06:53,517 - DEBUG - Shuffling dataset for epoch 14
2025-03-24 08:06:54,322 - DEBUG - Starting epoch 15/20
2025-03-24 08:06:54,328 - DEBUG - Shuffling dataset for epoch 15
2025-03-24 08:06:54,821 - DEBUG - Starting epoch 15/20
2025-03-24 08:06:54,828 - DEBUG - Shuffling dataset for epoch 15
2025-03-24 08:06:55,424 - DEBUG - Starting epoch 15/20
2025-03-24 08:06:55,516 - DEBUG - Shuffling dataset for epoch 15
2025-03-24 08:06:55,522 - DEBUG - Starting epoch 15/20
2025-03-24 08:06:55,524 - DEBUG - Shuffling dataset for epoch 15
2025-03-24 08:06:55,621 - DEBUG - Starting epoch 15/20
2025-03-24 08:06:55,627 - DEBUG - Shuffling dataset for epoch 15
2025-03-24 08:06:55,829 - DEBUG - Starting epoch 15/20
2025-03-24 08:06:55,917 - DEBUG - Shuffling dataset for epoch 15
2025-03-24 08:06:56,222 - DEBUG - Starting epoch 16/20
2025-03-24 08:06:56,227 - DEBUG - Shuffling dataset for epoch 16
2025-03-24 08:06:56,433 - DEBUG - Starting epoch 15/20
2025-03-24 08:06:56,518 - DEBUG - Shuffling dataset for epoch 15
2025-03-24 08:06:56,533 - DEBUG - Starting epoch 16/20
2025-03-24 08:06:56,534 - DEBUG - Shuffling dataset for epoch 16
2025-03-24 08:06:57,825 - DEBUG - Starting epoch 16/20
2025-03-24 08:06:57,918 - DEBUG - Shuffling dataset for epoch 16
2025-03-24 08:06:58,224 - DEBUG - Starting epoch 16/20
2025-03-24 08:06:58,228 - DEBUG - Shuffling dataset for epoch 16
2025-03-24 08:06:58,623 - DEBUG - Starting epoch 16/20
2025-03-24 08:06:58,627 - DEBUG - Shuffling dataset for epoch 16
2025-03-24 08:06:58,827 - DEBUG - Starting epoch 16/20
2025-03-24 08:06:58,828 - DEBUG - Shuffling dataset for epoch 16
2025-03-24 08:06:59,026 - DEBUG - Starting epoch 16/20
2025-03-24 08:06:59,117 - DEBUG - Shuffling dataset for epoch 16
2025-03-24 08:06:59,426 - DEBUG - Starting epoch 16/20
2025-03-24 08:06:59,427 - DEBUG - Shuffling dataset for epoch 16
2025-03-24 08:06:59,534 - DEBUG - Starting epoch 17/20
2025-03-24 08:06:59,617 - DEBUG - Shuffling dataset for epoch 17
2025-03-24 08:06:59,621 - DEBUG - Starting epoch 16/20
2025-03-24 08:06:59,627 - DEBUG - Shuffling dataset for epoch 16
2025-03-24 08:06:59,722 - DEBUG - Starting epoch 17/20
2025-03-24 08:06:59,816 - DEBUG - Shuffling dataset for epoch 17
2025-03-24 08:07:01,319 - DEBUG - Starting epoch 17/20
2025-03-24 08:07:01,320 - DEBUG - Starting epoch 17/20
2025-03-24 08:07:01,323 - DEBUG - Shuffling dataset for epoch 17
2025-03-24 08:07:01,323 - DEBUG - Shuffling dataset for epoch 17
2025-03-24 08:07:01,821 - DEBUG - Starting epoch 17/20
2025-03-24 08:07:01,822 - DEBUG - Shuffling dataset for epoch 17
2025-03-24 08:07:02,321 - DEBUG - Starting epoch 17/20
2025-03-24 08:07:02,322 - DEBUG - Starting epoch 17/20
2025-03-24 08:07:02,327 - DEBUG - Shuffling dataset for epoch 17
2025-03-24 08:07:02,327 - DEBUG - Shuffling dataset for epoch 17
2025-03-24 08:07:02,425 - DEBUG - Starting epoch 17/20
2025-03-24 08:07:02,429 - DEBUG - Shuffling dataset for epoch 17
2025-03-24 08:07:02,720 - DEBUG - Starting epoch 18/20
2025-03-24 08:07:02,726 - DEBUG - Shuffling dataset for epoch 18
2025-03-24 08:07:02,830 - DEBUG - Starting epoch 18/20
2025-03-24 08:07:02,916 - DEBUG - Shuffling dataset for epoch 18
2025-03-24 08:07:02,920 - DEBUG - Starting epoch 17/20
2025-03-24 08:07:02,927 - DEBUG - Shuffling dataset for epoch 17
2025-03-24 08:07:04,130 - DEBUG - Starting epoch 18/20
2025-03-24 08:07:04,216 - DEBUG - Shuffling dataset for epoch 18
2025-03-24 08:07:04,222 - DEBUG - Starting epoch 18/20
2025-03-24 08:07:04,228 - DEBUG - Shuffling dataset for epoch 18
2025-03-24 08:07:04,821 - DEBUG - Starting epoch 18/20
2025-03-24 08:07:04,827 - DEBUG - Shuffling dataset for epoch 18
2025-03-24 08:07:05,222 - DEBUG - Starting epoch 18/20
2025-03-24 08:07:05,224 - DEBUG - Shuffling dataset for epoch 18
2025-03-24 08:07:05,322 - DEBUG - Starting epoch 18/20
2025-03-24 08:07:05,326 - DEBUG - Starting epoch 18/20
2025-03-24 08:07:05,327 - DEBUG - Shuffling dataset for epoch 18
2025-03-24 08:07:05,327 - DEBUG - Shuffling dataset for epoch 18
2025-03-24 08:07:05,723 - DEBUG - Starting epoch 19/20
2025-03-24 08:07:05,729 - DEBUG - Shuffling dataset for epoch 19
2025-03-24 08:07:05,926 - DEBUG - Starting epoch 19/20
2025-03-24 08:07:05,928 - DEBUG - Shuffling dataset for epoch 19
2025-03-24 08:07:06,220 - DEBUG - Starting epoch 18/20
2025-03-24 08:07:06,228 - DEBUG - Shuffling dataset for epoch 18
2025-03-24 08:07:07,021 - DEBUG - Starting epoch 19/20
2025-03-24 08:07:07,116 - DEBUG - Shuffling dataset for epoch 19
2025-03-24 08:07:07,523 - DEBUG - Starting epoch 19/20
2025-03-24 08:07:07,525 - DEBUG - Shuffling dataset for epoch 19
2025-03-24 08:07:07,922 - DEBUG - Starting epoch 19/20
2025-03-24 08:07:08,016 - DEBUG - Shuffling dataset for epoch 19
2025-03-24 08:07:08,121 - DEBUG - Starting epoch 19/20
2025-03-24 08:07:08,127 - DEBUG - Shuffling dataset for epoch 19
2025-03-24 08:07:08,521 - DEBUG - Starting epoch 20/20
2025-03-24 08:07:08,523 - DEBUG - Starting epoch 19/20
2025-03-24 08:07:08,616 - DEBUG - Shuffling dataset for epoch 20
2025-03-24 08:07:08,618 - DEBUG - Shuffling dataset for epoch 19
2025-03-24 08:07:08,921 - DEBUG - Starting epoch 20/20
2025-03-24 08:07:08,925 - DEBUG - Shuffling dataset for epoch 20
2025-03-24 08:07:08,931 - DEBUG - Starting epoch 19/20
2025-03-24 08:07:08,931 - DEBUG - Shuffling dataset for epoch 19
2025-03-24 08:07:09,123 - DEBUG - Starting epoch 19/20
2025-03-24 08:07:09,125 - DEBUG - Shuffling dataset for epoch 19
2025-03-24 08:07:10,322 - DEBUG - Starting epoch 20/20
2025-03-24 08:07:10,324 - DEBUG - Shuffling dataset for epoch 20
2025-03-24 08:07:10,628 - DEBUG - Starting epoch 20/20
2025-03-24 08:07:10,717 - DEBUG - Shuffling dataset for epoch 20
2025-03-24 08:07:10,828 - DEBUG - Starting epoch 20/20
2025-03-24 08:07:10,915 - DEBUG - Shuffling dataset for epoch 20
2025-03-24 08:07:10,918 - DEBUG - Starting epoch 20/20
2025-03-24 08:07:10,926 - DEBUG - Shuffling dataset for epoch 20
2025-03-24 08:07:11,629 - DEBUG - Starting epoch 20/20
2025-03-24 08:07:11,716 - DEBUG - Shuffling dataset for epoch 20
2025-03-24 08:07:11,724 - INFO - Training completed, saving model weights
2025-03-24 08:07:11,729 - INFO - Evaluating model performance
2025-03-24 08:07:11,729 - DEBUG - Evaluating training model
2025-03-24 08:07:11,830 - INFO - Training completed, saving model weights
2025-03-24 08:07:11,832 - INFO - Evaluating model performance
2025-03-24 08:07:11,832 - DEBUG - Starting epoch 20/20
2025-03-24 08:07:11,915 - DEBUG - Evaluating training model
2025-03-24 08:07:11,916 - DEBUG - Shuffling dataset for epoch 20
2025-03-24 08:07:12,321 - DEBUG - Starting epoch 20/20
2025-03-24 08:07:12,415 - DEBUG - Shuffling dataset for epoch 20
2025-03-24 08:07:13,019 - INFO - Training completed, saving model weights
2025-03-24 08:07:13,022 - INFO - Evaluating model performance
2025-03-24 08:07:13,023 - DEBUG - Evaluating training model
2025-03-24 08:07:13,030 - INFO - Training completed, saving model weights
2025-03-24 08:07:13,120 - INFO - Evaluating model performance
2025-03-24 08:07:13,127 - DEBUG - Evaluating training model
2025-03-24 08:07:13,323 - INFO - Sending local model to server
2025-03-24 08:07:13,327 - DEBUG - Sending message of type: MessageType.CLIENT_MODEL to server
2025-03-24 08:07:13,329 - INFO - Sending local model to server
2025-03-24 08:07:13,330 - DEBUG - Sending message of type: MessageType.CLIENT_MODEL to server
2025-03-24 08:07:13,333 - DEBUG - Message sent successfully
2025-03-24 08:07:13,333 - DEBUG - Local model sent successfully
2025-03-24 08:07:13,431 - DEBUG - Message sent successfully
2025-03-24 08:07:13,515 - DEBUG - Local model sent successfully
2025-03-24 08:07:13,622 - INFO - Training completed, saving model weights
2025-03-24 08:07:13,625 - INFO - Evaluating model performance
2025-03-24 08:07:13,626 - DEBUG - Evaluating training model
2025-03-24 08:07:13,633 - INFO - Training completed, saving model weights
2025-03-24 08:07:13,719 - INFO - Evaluating model performance
2025-03-24 08:07:13,721 - DEBUG - Evaluating training model
2025-03-24 08:07:13,929 - INFO - Training completed, saving model weights
2025-03-24 08:07:13,931 - INFO - Evaluating model performance
2025-03-24 08:07:14,015 - DEBUG - Evaluating training model
2025-03-24 08:07:14,123 - INFO - Training completed, saving model weights
2025-03-24 08:07:14,126 - INFO - Evaluating model performance
2025-03-24 08:07:14,127 - DEBUG - Evaluating training model
2025-03-24 08:07:14,128 - INFO - Training completed, saving model weights
2025-03-24 08:07:14,132 - INFO - Evaluating model performance
2025-03-24 08:07:14,132 - DEBUG - Evaluating training model
2025-03-24 08:07:14,220 - INFO - Sending local model to server
2025-03-24 08:07:14,221 - DEBUG - Sending message of type: MessageType.CLIENT_MODEL to server
2025-03-24 08:07:14,228 - DEBUG - Message sent successfully
2025-03-24 08:07:14,229 - DEBUG - Local model sent successfully
2025-03-24 08:07:14,319 - INFO - Sending local model to server
2025-03-24 08:07:14,320 - DEBUG - Sending message of type: MessageType.CLIENT_MODEL to server
2025-03-24 08:07:14,330 - DEBUG - Message sent successfully
2025-03-24 08:07:14,331 - DEBUG - Local model sent successfully
2025-03-24 08:07:14,434 - INFO - Sending local model to server
2025-03-24 08:07:14,435 - DEBUG - Sending message of type: MessageType.CLIENT_MODEL to server
2025-03-24 08:07:14,442 - DEBUG - Message sent successfully
2025-03-24 08:07:14,515 - DEBUG - Local model sent successfully
2025-03-24 08:07:14,525 - INFO - Sending local model to server
2025-03-24 08:07:14,526 - DEBUG - Sending message of type: MessageType.CLIENT_MODEL to server
2025-03-24 08:07:14,539 - INFO - Sending local model to server
2025-03-24 08:07:14,539 - DEBUG - Sending message of type: MessageType.CLIENT_MODEL to server
2025-03-24 08:07:14,619 - DEBUG - Message sent successfully
2025-03-24 08:07:14,619 - INFO - Sending local model to server
2025-03-24 08:07:14,620 - DEBUG - Local model sent successfully
2025-03-24 08:07:14,620 - DEBUG - Sending message of type: MessageType.CLIENT_MODEL to server
2025-03-24 08:07:14,630 - INFO - Sending local model to server
2025-03-24 08:07:14,630 - DEBUG - Sending message of type: MessageType.CLIENT_MODEL to server
2025-03-24 08:07:14,650 - DEBUG - Message sent successfully
2025-03-24 08:07:14,650 - DEBUG - Local model sent successfully
2025-03-24 08:07:14,656 - DEBUG - Message sent successfully
2025-03-24 08:07:14,656 - DEBUG - Local model sent successfully
2025-03-24 08:07:14,757 - DEBUG - Message sent successfully
2025-03-24 08:07:14,757 - DEBUG - Local model sent successfully
2025-03-24 08:07:14,770 - DEBUG - Received message of type: MessageType.END_FL_TRAINING with length: 2080532
2025-03-24 08:07:14,770 - DEBUG - Updating model weights
2025-03-24 08:07:14,773 - DEBUG - Model weights updated successfully
2025-03-24 08:07:14,773 - DEBUG - Received message of type: MessageType.END_FL_TRAINING with length: 2080532
2025-03-24 08:07:14,773 - INFO - Evaluating model performance
2025-03-24 08:07:14,774 - DEBUG - Evaluating federated model
2025-03-24 08:07:14,774 - DEBUG - Updating model weights
2025-03-24 08:07:14,776 - DEBUG - Received message of type: MessageType.END_FL_TRAINING with length: 2080532
2025-03-24 08:07:14,776 - DEBUG - Model weights updated successfully
2025-03-24 08:07:14,777 - DEBUG - Updating model weights
2025-03-24 08:07:14,777 - INFO - Evaluating model performance
2025-03-24 08:07:14,777 - DEBUG - Evaluating federated model
2025-03-24 08:07:14,779 - DEBUG - Received message of type: MessageType.END_FL_TRAINING with length: 2080532
2025-03-24 08:07:14,780 - DEBUG - Updating model weights
2025-03-24 08:07:14,781 - DEBUG - Model weights updated successfully
2025-03-24 08:07:14,781 - INFO - Evaluating model performance
2025-03-24 08:07:14,782 - DEBUG - Evaluating federated model
2025-03-24 08:07:14,783 - DEBUG - Received message of type: MessageType.END_FL_TRAINING with length: 2080532
2025-03-24 08:07:14,783 - DEBUG - Model weights updated successfully
2025-03-24 08:07:14,784 - INFO - Evaluating model performance
2025-03-24 08:07:14,784 - DEBUG - Updating model weights
2025-03-24 08:07:14,784 - DEBUG - Evaluating federated model
2025-03-24 08:07:14,788 - DEBUG - Model weights updated successfully
2025-03-24 08:07:14,788 - DEBUG - Received message of type: MessageType.END_FL_TRAINING with length: 2080532
2025-03-24 08:07:14,789 - DEBUG - Updating model weights
2025-03-24 08:07:14,789 - INFO - Evaluating model performance
2025-03-24 08:07:14,790 - DEBUG - Evaluating federated model
2025-03-24 08:07:14,793 - DEBUG - Model weights updated successfully
2025-03-24 08:07:14,794 - DEBUG - Received message of type: MessageType.END_FL_TRAINING with length: 2080532
2025-03-24 08:07:14,815 - INFO - Evaluating model performance
2025-03-24 08:07:14,816 - DEBUG - Updating model weights
2025-03-24 08:07:14,817 - DEBUG - Evaluating federated model
2025-03-24 08:07:14,817 - DEBUG - Received message of type: MessageType.END_FL_TRAINING with length: 2080532
2025-03-24 08:07:14,820 - DEBUG - Updating model weights
2025-03-24 08:07:14,820 - DEBUG - Model weights updated successfully
2025-03-24 08:07:14,822 - INFO - Evaluating model performance
2025-03-24 08:07:14,823 - DEBUG - Evaluating federated model
2025-03-24 08:07:14,824 - DEBUG - Model weights updated successfully
2025-03-24 08:07:14,825 - INFO - Evaluating model performance
2025-03-24 08:07:14,826 - DEBUG - Evaluating federated model
2025-03-24 08:07:14,828 - DEBUG - Received message of type: MessageType.END_FL_TRAINING with length: 2080532
2025-03-24 08:07:14,829 - DEBUG - Updating model weights
2025-03-24 08:07:14,919 - DEBUG - Model weights updated successfully
2025-03-24 08:07:14,920 - INFO - Evaluating model performance
2025-03-24 08:07:14,921 - DEBUG - Evaluating federated model
2025-03-24 08:07:15,520 - INFO - Sending KPI data to server
2025-03-24 08:07:15,521 - DEBUG - Sending message of type: MessageType.CLIENT_EVALUATION to server
2025-03-24 08:07:15,522 - DEBUG - Message sent successfully
2025-03-24 08:07:15,522 - DEBUG - KPI data sent successfully
2025-03-24 08:07:15,522 - INFO - Closing connection with server
2025-03-24 08:07:15,523 - DEBUG - Connection closed
2025-03-24 08:07:15,523 - INFO - Client execution completed
2025-03-24 08:07:15,525 - INFO - Sending KPI data to server
2025-03-24 08:07:15,526 - DEBUG - Sending message of type: MessageType.CLIENT_EVALUATION to server
2025-03-24 08:07:15,526 - DEBUG - Message sent successfully
2025-03-24 08:07:15,527 - DEBUG - KPI data sent successfully
2025-03-24 08:07:15,527 - INFO - Closing connection with server
2025-03-24 08:07:15,527 - DEBUG - Connection closed
2025-03-24 08:07:15,528 - INFO - Client execution completed
2025-03-24 08:07:15,530 - INFO - Sending KPI data to server
2025-03-24 08:07:15,531 - DEBUG - Sending message of type: MessageType.CLIENT_EVALUATION to server
2025-03-24 08:07:15,531 - DEBUG - Message sent successfully
2025-03-24 08:07:15,532 - DEBUG - KPI data sent successfully
2025-03-24 08:07:15,533 - INFO - Closing connection with server
2025-03-24 08:07:15,533 - DEBUG - Connection closed
2025-03-24 08:07:15,534 - INFO - Client execution completed
2025-03-24 08:07:15,621 - INFO - Sending KPI data to server
2025-03-24 08:07:15,622 - DEBUG - Sending message of type: MessageType.CLIENT_EVALUATION to server
2025-03-24 08:07:15,624 - DEBUG - Message sent successfully
2025-03-24 08:07:15,624 - DEBUG - KPI data sent successfully
2025-03-24 08:07:15,625 - INFO - Closing connection with server
2025-03-24 08:07:15,625 - DEBUG - Connection closed
2025-03-24 08:07:15,626 - INFO - Client execution completed
2025-03-24 08:07:15,626 - INFO - Sending KPI data to server
2025-03-24 08:07:15,627 - DEBUG - Sending message of type: MessageType.CLIENT_EVALUATION to server
2025-03-24 08:07:15,628 - DEBUG - Message sent successfully
2025-03-24 08:07:15,629 - INFO - Sending KPI data to server
2025-03-24 08:07:15,629 - DEBUG - KPI data sent successfully
2025-03-24 08:07:15,630 - DEBUG - Sending message of type: MessageType.CLIENT_EVALUATION to server
2025-03-24 08:07:15,630 - INFO - Closing connection with server
2025-03-24 08:07:15,630 - DEBUG - Connection closed
2025-03-24 08:07:15,630 - DEBUG - Message sent successfully
2025-03-24 08:07:15,631 - DEBUG - KPI data sent successfully
2025-03-24 08:07:15,631 - INFO - Closing connection with server
2025-03-24 08:07:15,631 - DEBUG - Connection closed
2025-03-24 08:07:15,715 - INFO - Client execution completed
2025-03-24 08:07:15,716 - INFO - Client execution completed
2025-03-24 08:07:15,727 - INFO - Sending KPI data to server
2025-03-24 08:07:15,727 - DEBUG - Sending message of type: MessageType.CLIENT_EVALUATION to server
2025-03-24 08:07:15,728 - DEBUG - Message sent successfully
2025-03-24 08:07:15,728 - DEBUG - KPI data sent successfully
2025-03-24 08:07:15,728 - INFO - Closing connection with server
2025-03-24 08:07:15,729 - DEBUG - Connection closed
2025-03-24 08:07:15,729 - INFO - Client execution completed
2025-03-24 08:07:15,817 - INFO - Sending KPI data to server
2025-03-24 08:07:15,817 - DEBUG - Sending message of type: MessageType.CLIENT_EVALUATION to server
2025-03-24 08:07:15,818 - DEBUG - Message sent successfully
2025-03-24 08:07:15,818 - DEBUG - KPI data sent successfully
2025-03-24 08:07:15,819 - INFO - Closing connection with server
2025-03-24 08:07:15,819 - DEBUG - Connection closed
2025-03-24 08:07:15,820 - INFO - Client execution completed
2025-03-24 08:07:15,821 - INFO - Sending KPI data to server
2025-03-24 08:07:15,822 - DEBUG - Sending message of type: MessageType.CLIENT_EVALUATION to server
2025-03-24 08:07:15,823 - DEBUG - Message sent successfully
2025-03-24 08:07:15,823 - DEBUG - KPI data sent successfully
2025-03-24 08:07:15,824 - INFO - Closing connection with server
2025-03-24 08:07:15,824 - DEBUG - Connection closed
2025-03-24 08:07:15,824 - INFO - Client execution completed
2025-03-24 19:58:45,011 - DEBUG - Found a worker binary at: /usr/local/lib/python3.11/site-packages/tensorflow_federated/python/core/impl/executor_stacks/../../../../data/worker_binary
2025-03-24 19:58:45,011 - DEBUG - Found a worker binary at: /usr/local/lib/python3.11/site-packages/tensorflow_federated/python/core/impl/executor_stacks/../../../../data/worker_binary
2025-03-24 19:58:45,012 - DEBUG - Found a worker binary at: /usr/local/lib/python3.11/site-packages/tensorflow_federated/python/core/impl/executor_stacks/../../../../data/worker_binary
2025-03-24 19:58:45,093 - DEBUG - Using selector: EpollSelector
2025-03-24 19:58:45,093 - DEBUG - Using selector: EpollSelector
2025-03-24 19:58:45,094 - DEBUG - Using selector: EpollSelector
2025-03-24 19:58:45,094 - DEBUG - Found a worker binary at: /usr/local/lib/python3.11/site-packages/tensorflow_federated/python/core/impl/executor_stacks/../../../../data/worker_binary
2025-03-24 19:58:45,094 - DEBUG - Found a worker binary at: /usr/local/lib/python3.11/site-packages/tensorflow_federated/python/core/impl/executor_stacks/../../../../data/worker_binary
2025-03-24 19:58:45,095 - DEBUG - Using selector: EpollSelector
2025-03-24 19:58:45,095 - DEBUG - Using selector: EpollSelector
2025-03-24 19:58:45,097 - DEBUG - Found a worker binary at: /usr/local/lib/python3.11/site-packages/tensorflow_federated/python/core/impl/executor_stacks/../../../../data/worker_binary
2025-03-24 19:58:45,098 - DEBUG - Using selector: EpollSelector
2025-03-24 19:58:45,099 - DEBUG - Found a worker binary at: /usr/local/lib/python3.11/site-packages/tensorflow_federated/python/core/impl/executor_stacks/../../../../data/worker_binary
2025-03-24 19:58:45,100 - DEBUG - Using selector: EpollSelector
2025-03-24 19:58:45,101 - DEBUG - Found a worker binary at: /usr/local/lib/python3.11/site-packages/tensorflow_federated/python/core/impl/executor_stacks/../../../../data/worker_binary
2025-03-24 19:58:45,101 - DEBUG - Found a worker binary at: /usr/local/lib/python3.11/site-packages/tensorflow_federated/python/core/impl/executor_stacks/../../../../data/worker_binary
2025-03-24 19:58:45,103 - DEBUG - Using selector: EpollSelector
2025-03-24 19:58:45,103 - DEBUG - Using selector: EpollSelector
2025-03-24 19:58:47,205 - DEBUG - Initializing TCPClient with server address: ('federated-learning-server-svc', 12345) and client ID: 2
2025-03-24 19:58:47,206 - DEBUG - Initializing TCPClient with server address: ('federated-learning-server-svc', 12345) and client ID: 3
2025-03-24 19:58:47,208 - DEBUG - Initializing TCPClient with server address: ('federated-learning-server-svc', 12345) and client ID: 1
2025-03-24 19:58:47,216 - DEBUG - Initializing TCPClient with server address: ('federated-learning-server-svc', 12345) and client ID: 0
2025-03-24 19:58:47,295 - INFO - Starting client execution with ID: 1
2025-03-24 19:58:47,295 - INFO - Starting client execution with ID: 0
2025-03-24 19:58:47,295 - INFO - Starting client execution with ID: 2
2025-03-24 19:58:47,295 - INFO - Starting client execution with ID: 3
2025-03-24 19:58:47,295 - DEBUG - Loading dataset
2025-03-24 19:58:47,295 - DEBUG - Loading dataset
2025-03-24 19:58:47,295 - DEBUG - Loading dataset
2025-03-24 19:58:47,295 - DEBUG - Loading dataset
2025-03-24 19:58:47,308 - DEBUG - Initializing TCPClient with server address: ('federated-learning-server-svc', 12345) and client ID: 5
2025-03-24 19:58:47,309 - INFO - Starting client execution with ID: 5
2025-03-24 19:58:47,311 - DEBUG - Initializing TCPClient with server address: ('federated-learning-server-svc', 12345) and client ID: 8
2025-03-24 19:58:47,393 - DEBUG - Loading dataset
2025-03-24 19:58:47,394 - INFO - Starting client execution with ID: 8
2025-03-24 19:58:47,394 - DEBUG - Loading dataset
2025-03-24 19:58:47,396 - DEBUG - Initializing TCPClient with server address: ('federated-learning-server-svc', 12345) and client ID: 7
2025-03-24 19:58:47,397 - INFO - Dataset loaded: 216 training samples, 72 test samples
2025-03-24 19:58:47,397 - INFO - Dataset loaded: 216 training samples, 72 test samples
2025-03-24 19:58:47,397 - INFO - Dataset loaded: 216 training samples, 72 test samples
2025-03-24 19:58:47,397 - INFO - Dataset loaded: 216 training samples, 72 test samples
2025-03-24 19:58:47,397 - INFO - Dataset loaded: 216 training samples, 72 test samples
2025-03-24 19:58:47,398 - DEBUG - Loading and compiling model
2025-03-24 19:58:47,398 - DEBUG - Loading and compiling model
2025-03-24 19:58:47,398 - DEBUG - Loading and compiling model
2025-03-24 19:58:47,398 - DEBUG - Loading and compiling model
2025-03-24 19:58:47,398 - DEBUG - Loading and compiling model
2025-03-24 19:58:47,398 - INFO - Dataset loaded: 216 training samples, 72 test samples
2025-03-24 19:58:47,398 - INFO - Starting client execution with ID: 7
2025-03-24 19:58:47,399 - DEBUG - Loading and compiling model
2025-03-24 19:58:47,399 - DEBUG - Loading dataset
2025-03-24 19:58:47,400 - DEBUG - Initializing TCPClient with server address: ('federated-learning-server-svc', 12345) and client ID: 4
2025-03-24 19:58:47,402 - INFO - Starting client execution with ID: 4
2025-03-24 19:58:47,403 - DEBUG - Loading dataset
2025-03-24 19:58:47,404 - INFO - Dataset loaded: 216 training samples, 72 test samples
2025-03-24 19:58:47,405 - DEBUG - Loading and compiling model
2025-03-24 19:58:47,409 - INFO - Dataset loaded: 216 training samples, 72 test samples
2025-03-24 19:58:47,409 - DEBUG - Loading and compiling model
2025-03-24 19:58:47,495 - DEBUG - Initializing TCPClient with server address: ('federated-learning-server-svc', 12345) and client ID: 6
2025-03-24 19:58:47,496 - INFO - Starting client execution with ID: 6
2025-03-24 19:58:47,497 - DEBUG - Loading dataset
2025-03-24 19:58:47,500 - INFO - Dataset loaded: 216 training samples, 72 test samples
2025-03-24 19:58:47,501 - DEBUG - Loading and compiling model
2025-03-24 19:58:48,393 - INFO - Model compiled successfully
2025-03-24 19:58:48,394 - INFO - Model compiled successfully
2025-03-24 19:58:48,395 - DEBUG - Connecting to server at address: ('federated-learning-server-svc', 12345)
2025-03-24 19:58:48,396 - DEBUG - Connecting to server at address: ('federated-learning-server-svc', 12345)
2025-03-24 19:58:48,404 - INFO - Model compiled successfully
2025-03-24 19:58:48,404 - INFO - Model compiled successfully
2025-03-24 19:58:48,404 - DEBUG - Connecting to server at address: ('federated-learning-server-svc', 12345)
2025-03-24 19:58:48,404 - DEBUG - Connecting to server at address: ('federated-learning-server-svc', 12345)
2025-03-24 19:58:48,493 - INFO - Model compiled successfully
2025-03-24 19:58:48,494 - DEBUG - Connecting to server at address: ('federated-learning-server-svc', 12345)
2025-03-24 19:58:48,495 - INFO - Model compiled successfully
2025-03-24 19:58:48,495 - DEBUG - Connecting to server at address: ('federated-learning-server-svc', 12345)
2025-03-24 19:58:48,497 - INFO - Model compiled successfully
2025-03-24 19:58:48,498 - DEBUG - Connecting to server at address: ('federated-learning-server-svc', 12345)
2025-03-24 19:58:48,502 - INFO - Model compiled successfully
2025-03-24 19:58:48,502 - DEBUG - Connecting to server at address: ('federated-learning-server-svc', 12345)
2025-03-24 19:58:48,508 - INFO - Model compiled successfully
2025-03-24 19:58:48,593 - DEBUG - Connecting to server at address: ('federated-learning-server-svc', 12345)
2025-03-24 19:59:10,681 - ERROR - Socket error: [Errno 111] Connection refused
2025-03-24 19:59:10,681 - ERROR - Socket error: [Errno 111] Connection refused
2025-03-24 19:59:10,681 - ERROR - Socket error: [Errno 111] Connection refused
2025-03-24 19:59:10,682 - INFO - Closing connection with server
2025-03-24 19:59:10,682 - INFO - Closing connection with server
2025-03-24 19:59:10,682 - INFO - Closing connection with server
2025-03-24 19:59:10,682 - DEBUG - Connection closed
2025-03-24 19:59:10,682 - DEBUG - Connection closed
2025-03-24 19:59:10,682 - DEBUG - Connection closed
2025-03-24 19:59:10,682 - INFO - Client execution completed
2025-03-24 19:59:10,682 - INFO - Client execution completed
2025-03-24 19:59:10,683 - INFO - Client execution completed
2025-03-24 19:59:10,695 - ERROR - Socket error: [Errno 111] Connection refused
2025-03-24 19:59:10,695 - ERROR - Socket error: [Errno 111] Connection refused
2025-03-24 19:59:10,695 - ERROR - Socket error: [Errno 111] Connection refused
2025-03-24 19:59:10,695 - ERROR - Socket error: [Errno 111] Connection refused
2025-03-24 19:59:10,696 - INFO - Closing connection with server
2025-03-24 19:59:10,696 - INFO - Closing connection with server
2025-03-24 19:59:10,696 - INFO - Closing connection with server
2025-03-24 19:59:10,696 - INFO - Closing connection with server
2025-03-24 19:59:10,697 - DEBUG - Connection closed
2025-03-24 19:59:10,697 - DEBUG - Connection closed
2025-03-24 19:59:10,697 - DEBUG - Connection closed
2025-03-24 19:59:10,697 - DEBUG - Connection closed
2025-03-24 19:59:10,697 - INFO - Client execution completed
2025-03-24 19:59:10,697 - INFO - Client execution completed
2025-03-24 19:59:10,697 - INFO - Client execution completed
2025-03-24 19:59:10,697 - INFO - Client execution completed
2025-03-24 19:59:10,711 - ERROR - Socket error: [Errno 111] Connection refused
2025-03-24 19:59:10,711 - ERROR - Socket error: [Errno 111] Connection refused
2025-03-24 19:59:10,712 - INFO - Closing connection with server
2025-03-24 19:59:10,712 - INFO - Closing connection with server
2025-03-24 19:59:10,713 - DEBUG - Connection closed
2025-03-24 19:59:10,713 - DEBUG - Connection closed
2025-03-24 19:59:10,713 - INFO - Client execution completed
2025-03-24 19:59:10,713 - INFO - Client execution completed
2025-03-24 20:00:01,292 - DEBUG - Found a worker binary at: /usr/local/lib/python3.11/site-packages/tensorflow_federated/python/core/impl/executor_stacks/../../../../data/worker_binary
2025-03-24 20:00:01,293 - DEBUG - Using selector: EpollSelector
2025-03-24 20:00:01,307 - DEBUG - Found a worker binary at: /usr/local/lib/python3.11/site-packages/tensorflow_federated/python/core/impl/executor_stacks/../../../../data/worker_binary
2025-03-24 20:00:01,391 - DEBUG - Using selector: EpollSelector
2025-03-24 20:00:01,807 - DEBUG - Found a worker binary at: /usr/local/lib/python3.11/site-packages/tensorflow_federated/python/core/impl/executor_stacks/../../../../data/worker_binary
2025-03-24 20:00:01,891 - DEBUG - Using selector: EpollSelector
2025-03-24 20:00:01,992 - DEBUG - Found a worker binary at: /usr/local/lib/python3.11/site-packages/tensorflow_federated/python/core/impl/executor_stacks/../../../../data/worker_binary
2025-03-24 20:00:01,994 - DEBUG - Using selector: EpollSelector
2025-03-24 20:00:02,408 - DEBUG - Found a worker binary at: /usr/local/lib/python3.11/site-packages/tensorflow_federated/python/core/impl/executor_stacks/../../../../data/worker_binary
2025-03-24 20:00:02,491 - DEBUG - Using selector: EpollSelector
2025-03-24 20:00:02,900 - DEBUG - Found a worker binary at: /usr/local/lib/python3.11/site-packages/tensorflow_federated/python/core/impl/executor_stacks/../../../../data/worker_binary
2025-03-24 20:00:02,901 - DEBUG - Using selector: EpollSelector
2025-03-24 20:00:03,598 - DEBUG - Found a worker binary at: /usr/local/lib/python3.11/site-packages/tensorflow_federated/python/core/impl/executor_stacks/../../../../data/worker_binary
2025-03-24 20:00:03,602 - DEBUG - Using selector: EpollSelector
2025-03-24 20:00:03,606 - DEBUG - Initializing TCPClient with server address: ('federated-learning-server-svc', 12345) and client ID: 2
2025-03-24 20:00:03,608 - DEBUG - Found a worker binary at: /usr/local/lib/python3.11/site-packages/tensorflow_federated/python/core/impl/executor_stacks/../../../../data/worker_binary
2025-03-24 20:00:03,609 - DEBUG - Initializing TCPClient with server address: ('federated-learning-server-svc', 12345) and client ID: 1
2025-03-24 20:00:03,691 - DEBUG - Using selector: EpollSelector
2025-03-24 20:00:03,691 - INFO - Starting client execution with ID: 2
2025-03-24 20:00:03,691 - INFO - Starting client execution with ID: 1
2025-03-24 20:00:03,692 - DEBUG - Loading dataset
2025-03-24 20:00:03,692 - DEBUG - Loading dataset
2025-03-24 20:00:03,698 - INFO - Dataset loaded: 216 training samples, 72 test samples
2025-03-24 20:00:03,698 - INFO - Dataset loaded: 216 training samples, 72 test samples
2025-03-24 20:00:03,699 - DEBUG - Loading and compiling model
2025-03-24 20:00:03,699 - DEBUG - Loading and compiling model
2025-03-24 20:00:03,705 - DEBUG - Found a worker binary at: /usr/local/lib/python3.11/site-packages/tensorflow_federated/python/core/impl/executor_stacks/../../../../data/worker_binary
2025-03-24 20:00:03,707 - DEBUG - Using selector: EpollSelector
2025-03-24 20:00:04,396 - DEBUG - Initializing TCPClient with server address: ('federated-learning-server-svc', 12345) and client ID: 6
2025-03-24 20:00:04,397 - INFO - Starting client execution with ID: 6
2025-03-24 20:00:04,398 - DEBUG - Loading dataset
2025-03-24 20:00:04,493 - INFO - Dataset loaded: 216 training samples, 72 test samples
2025-03-24 20:00:04,494 - DEBUG - Loading and compiling model
2025-03-24 20:00:04,495 - DEBUG - Initializing TCPClient with server address: ('federated-learning-server-svc', 12345) and client ID: 0
2025-03-24 20:00:04,497 - INFO - Starting client execution with ID: 0
2025-03-24 20:00:04,499 - DEBUG - Loading dataset
2025-03-24 20:00:04,505 - INFO - Dataset loaded: 216 training samples, 72 test samples
2025-03-24 20:00:04,590 - DEBUG - Loading and compiling model
2025-03-24 20:00:04,597 - INFO - Model compiled successfully
2025-03-24 20:00:04,598 - DEBUG - Connecting to server at address: ('federated-learning-server-svc', 12345)
2025-03-24 20:00:04,603 - ERROR - Socket error: [Errno 111] Connection refused
2025-03-24 20:00:04,604 - INFO - Closing connection with server
2025-03-24 20:00:04,605 - DEBUG - Connection closed
2025-03-24 20:00:04,605 - INFO - Client execution completed
2025-03-24 20:00:04,608 - INFO - Model compiled successfully
2025-03-24 20:00:04,690 - DEBUG - Connecting to server at address: ('federated-learning-server-svc', 12345)
2025-03-24 20:00:04,693 - ERROR - Socket error: [Errno 111] Connection refused
2025-03-24 20:00:04,695 - INFO - Closing connection with server
2025-03-24 20:00:04,696 - DEBUG - Connection closed
2025-03-24 20:00:04,696 - INFO - Client execution completed
2025-03-24 20:00:05,007 - DEBUG - Initializing TCPClient with server address: ('federated-learning-server-svc', 12345) and client ID: 8
2025-03-24 20:00:05,091 - INFO - Starting client execution with ID: 8
2025-03-24 20:00:05,092 - DEBUG - Loading dataset
2025-03-24 20:00:05,096 - INFO - Dataset loaded: 216 training samples, 72 test samples
2025-03-24 20:00:05,096 - DEBUG - Loading and compiling model
2025-03-24 20:00:05,298 - INFO - Model compiled successfully
2025-03-24 20:00:05,299 - DEBUG - Connecting to server at address: ('federated-learning-server-svc', 12345)
2025-03-24 20:00:05,391 - ERROR - Socket error: [Errno 111] Connection refused
2025-03-24 20:00:05,392 - INFO - Closing connection with server
2025-03-24 20:00:05,392 - DEBUG - Connection closed
2025-03-24 20:00:05,393 - INFO - Client execution completed
2025-03-24 20:00:05,502 - INFO - Model compiled successfully
2025-03-24 20:00:05,503 - DEBUG - Connecting to server at address: ('federated-learning-server-svc', 12345)
2025-03-24 20:00:05,505 - ERROR - Socket error: [Errno 111] Connection refused
2025-03-24 20:00:05,506 - INFO - Closing connection with server
2025-03-24 20:00:05,591 - DEBUG - Connection closed
2025-03-24 20:00:05,591 - INFO - Client execution completed
2025-03-24 20:00:05,597 - DEBUG - Initializing TCPClient with server address: ('federated-learning-server-svc', 12345) and client ID: 3
2025-03-24 20:00:05,599 - INFO - Starting client execution with ID: 3
2025-03-24 20:00:05,601 - DEBUG - Loading dataset
2025-03-24 20:00:05,605 - INFO - Dataset loaded: 216 training samples, 72 test samples
2025-03-24 20:00:05,690 - DEBUG - Loading and compiling model
2025-03-24 20:00:05,707 - DEBUG - Initializing TCPClient with server address: ('federated-learning-server-svc', 12345) and client ID: 7
2025-03-24 20:00:05,791 - INFO - Starting client execution with ID: 7
2025-03-24 20:00:05,792 - DEBUG - Loading dataset
2025-03-24 20:00:05,793 - DEBUG - Initializing TCPClient with server address: ('federated-learning-server-svc', 12345) and client ID: 5
2025-03-24 20:00:05,794 - INFO - Starting client execution with ID: 5
2025-03-24 20:00:05,794 - DEBUG - Loading dataset
2025-03-24 20:00:05,796 - INFO - Dataset loaded: 216 training samples, 72 test samples
2025-03-24 20:00:05,797 - DEBUG - Loading and compiling model
2025-03-24 20:00:05,799 - INFO - Dataset loaded: 216 training samples, 72 test samples
2025-03-24 20:00:05,802 - DEBUG - Loading and compiling model
2025-03-24 20:00:05,808 - DEBUG - Initializing TCPClient with server address: ('federated-learning-server-svc', 12345) and client ID: 4
2025-03-24 20:00:05,891 - INFO - Starting client execution with ID: 4
2025-03-24 20:00:05,892 - DEBUG - Loading dataset
2025-03-24 20:00:05,897 - INFO - Dataset loaded: 216 training samples, 72 test samples
2025-03-24 20:00:05,897 - INFO - Model compiled successfully
2025-03-24 20:00:05,897 - DEBUG - Loading and compiling model
2025-03-24 20:00:05,897 - DEBUG - Connecting to server at address: ('federated-learning-server-svc', 12345)
2025-03-24 20:00:05,901 - ERROR - Socket error: [Errno 111] Connection refused
2025-03-24 20:00:05,903 - INFO - Closing connection with server
2025-03-24 20:00:05,903 - DEBUG - Connection closed
2025-03-24 20:00:05,903 - INFO - Client execution completed
2025-03-24 20:00:06,409 - INFO - Model compiled successfully
2025-03-24 20:00:06,491 - DEBUG - Connecting to server at address: ('federated-learning-server-svc', 12345)
2025-03-24 20:00:06,591 - ERROR - Socket error: [Errno 111] Connection refused
2025-03-24 20:00:06,591 - INFO - Model compiled successfully
2025-03-24 20:00:06,592 - INFO - Closing connection with server
2025-03-24 20:00:06,592 - DEBUG - Connecting to server at address: ('federated-learning-server-svc', 12345)
2025-03-24 20:00:06,592 - DEBUG - Connection closed
2025-03-24 20:00:06,593 - INFO - Client execution completed
2025-03-24 20:00:06,594 - ERROR - Socket error: [Errno 111] Connection refused
2025-03-24 20:00:06,595 - INFO - Closing connection with server
2025-03-24 20:00:06,595 - DEBUG - Connection closed
2025-03-24 20:00:06,595 - INFO - Client execution completed
2025-03-24 20:00:06,793 - INFO - Model compiled successfully
2025-03-24 20:00:06,794 - DEBUG - Connecting to server at address: ('federated-learning-server-svc', 12345)
2025-03-24 20:00:06,796 - INFO - Model compiled successfully
2025-03-24 20:00:06,796 - DEBUG - Connecting to server at address: ('federated-learning-server-svc', 12345)
2025-03-24 20:00:06,796 - ERROR - Socket error: [Errno 111] Connection refused
2025-03-24 20:00:06,797 - INFO - Closing connection with server
2025-03-24 20:00:06,798 - DEBUG - Connection closed
2025-03-24 20:00:06,798 - INFO - Client execution completed
2025-03-24 20:00:06,799 - ERROR - Socket error: [Errno 111] Connection refused
2025-03-24 20:00:06,800 - INFO - Closing connection with server
2025-03-24 20:00:06,801 - DEBUG - Connection closed
2025-03-24 20:00:06,801 - INFO - Client execution completed
2025-03-24 20:04:51,688 - DEBUG - Found a worker binary at: /usr/local/lib/python3.11/site-packages/tensorflow_federated/python/core/impl/executor_stacks/../../../../data/worker_binary
2025-03-24 20:04:51,715 - DEBUG - Using selector: EpollSelector
2025-03-24 20:04:51,787 - DEBUG - Found a worker binary at: /usr/local/lib/python3.11/site-packages/tensorflow_federated/python/core/impl/executor_stacks/../../../../data/worker_binary
2025-03-24 20:04:51,788 - DEBUG - Using selector: EpollSelector
2025-03-24 20:04:53,395 - DEBUG - Initializing TCPClient with server address: ('federated-learning-server-svc', 12345) and client ID: 1
2025-03-24 20:04:53,396 - INFO - Starting client execution with ID: 1
2025-03-24 20:04:53,397 - DEBUG - Loading dataset
2025-03-24 20:04:53,400 - INFO - Dataset loaded: 216 training samples, 72 test samples
2025-03-24 20:04:53,483 - DEBUG - Loading and compiling model
2025-03-24 20:04:53,487 - DEBUG - Found a worker binary at: /usr/local/lib/python3.11/site-packages/tensorflow_federated/python/core/impl/executor_stacks/../../../../data/worker_binary
2025-03-24 20:04:53,488 - DEBUG - Using selector: EpollSelector
2025-03-24 20:04:53,689 - DEBUG - Initializing TCPClient with server address: ('federated-learning-server-svc', 12345) and client ID: 5
2025-03-24 20:04:53,690 - INFO - Starting client execution with ID: 5
2025-03-24 20:04:53,690 - DEBUG - Loading dataset
2025-03-24 20:04:53,693 - INFO - Dataset loaded: 216 training samples, 72 test samples
2025-03-24 20:04:53,694 - DEBUG - Loading and compiling model
2025-03-24 20:04:53,886 - DEBUG - Found a worker binary at: /usr/local/lib/python3.11/site-packages/tensorflow_federated/python/core/impl/executor_stacks/../../../../data/worker_binary
2025-03-24 20:04:53,887 - DEBUG - Using selector: EpollSelector
2025-03-24 20:04:54,003 - DEBUG - Found a worker binary at: /usr/local/lib/python3.11/site-packages/tensorflow_federated/python/core/impl/executor_stacks/../../../../data/worker_binary
2025-03-24 20:04:54,084 - DEBUG - Using selector: EpollSelector
2025-03-24 20:04:54,200 - DEBUG - Found a worker binary at: /usr/local/lib/python3.11/site-packages/tensorflow_federated/python/core/impl/executor_stacks/../../../../data/worker_binary
2025-03-24 20:04:54,202 - INFO - Model compiled successfully
2025-03-24 20:04:54,284 - DEBUG - Using selector: EpollSelector
2025-03-24 20:04:54,283 - DEBUG - Connecting to server at address: ('federated-learning-server-svc', 12345)
2025-03-24 20:04:54,287 - ERROR - Socket error: [Errno 111] Connection refused
2025-03-24 20:04:54,288 - INFO - Closing connection with server
2025-03-24 20:04:54,289 - DEBUG - Connection closed
2025-03-24 20:04:54,290 - INFO - Client execution completed
2025-03-24 20:04:54,485 - DEBUG - Found a worker binary at: /usr/local/lib/python3.11/site-packages/tensorflow_federated/python/core/impl/executor_stacks/../../../../data/worker_binary
2025-03-24 20:04:54,487 - DEBUG - Using selector: EpollSelector
2025-03-24 20:04:54,494 - DEBUG - Found a worker binary at: /usr/local/lib/python3.11/site-packages/tensorflow_federated/python/core/impl/executor_stacks/../../../../data/worker_binary
2025-03-24 20:04:54,495 - DEBUG - Using selector: EpollSelector
2025-03-24 20:04:54,591 - INFO - Model compiled successfully
2025-03-24 20:04:54,592 - DEBUG - Connecting to server at address: ('federated-learning-server-svc', 12345)
2025-03-24 20:04:54,602 - DEBUG - Found a worker binary at: /usr/local/lib/python3.11/site-packages/tensorflow_federated/python/core/impl/executor_stacks/../../../../data/worker_binary
2025-03-24 20:04:54,684 - DEBUG - Using selector: EpollSelector
2025-03-24 20:04:54,684 - ERROR - Socket error: [Errno 111] Connection refused
2025-03-24 20:04:54,685 - INFO - Closing connection with server
2025-03-24 20:04:54,685 - DEBUG - Connection closed
2025-03-24 20:04:54,686 - INFO - Client execution completed
2025-03-24 20:04:55,394 - DEBUG - Initializing TCPClient with server address: ('federated-learning-server-svc', 12345) and client ID: 0
2025-03-24 20:04:55,395 - INFO - Starting client execution with ID: 0
2025-03-24 20:04:55,395 - DEBUG - Loading dataset
2025-03-24 20:04:55,399 - INFO - Dataset loaded: 216 training samples, 72 test samples
2025-03-24 20:04:55,483 - DEBUG - Loading and compiling model
2025-03-24 20:04:55,885 - DEBUG - Initializing TCPClient with server address: ('federated-learning-server-svc', 12345) and client ID: 3
2025-03-24 20:04:55,886 - INFO - Starting client execution with ID: 3
2025-03-24 20:04:55,887 - DEBUG - Loading dataset
2025-03-24 20:04:55,891 - INFO - Dataset loaded: 216 training samples, 72 test samples
2025-03-24 20:04:55,894 - DEBUG - Loading and compiling model
2025-03-24 20:04:56,094 - DEBUG - Initializing TCPClient with server address: ('federated-learning-server-svc', 12345) and client ID: 6
2025-03-24 20:04:56,095 - INFO - Starting client execution with ID: 6
2025-03-24 20:04:56,096 - DEBUG - Loading dataset
2025-03-24 20:04:56,099 - INFO - Dataset loaded: 216 training samples, 72 test samples
2025-03-24 20:04:56,183 - DEBUG - Loading and compiling model
2025-03-24 20:04:56,291 - INFO - Model compiled successfully
2025-03-24 20:04:56,292 - DEBUG - Connecting to server at address: ('federated-learning-server-svc', 12345)
2025-03-24 20:04:56,295 - DEBUG - Initializing TCPClient with server address: ('federated-learning-server-svc', 12345) and client ID: 7
2025-03-24 20:04:56,295 - ERROR - Socket error: [Errno 111] Connection refused
2025-03-24 20:04:56,295 - INFO - Closing connection with server
2025-03-24 20:04:56,296 - DEBUG - Connection closed
2025-03-24 20:04:56,296 - INFO - Client execution completed
2025-03-24 20:04:56,384 - INFO - Starting client execution with ID: 7
2025-03-24 20:04:56,385 - DEBUG - Loading dataset
2025-03-24 20:04:56,390 - INFO - Dataset loaded: 216 training samples, 72 test samples
2025-03-24 20:04:56,391 - DEBUG - Loading and compiling model
2025-03-24 20:04:56,484 - DEBUG - Initializing TCPClient with server address: ('federated-learning-server-svc', 12345) and client ID: 8
2025-03-24 20:04:56,486 - INFO - Starting client execution with ID: 8
2025-03-24 20:04:56,487 - DEBUG - Loading dataset
2025-03-24 20:04:56,491 - INFO - Dataset loaded: 216 training samples, 72 test samples
2025-03-24 20:04:56,492 - DEBUG - Loading and compiling model
2025-03-24 20:04:56,502 - DEBUG - Initializing TCPClient with server address: ('federated-learning-server-svc', 12345) and client ID: 4
2025-03-24 20:04:56,584 - INFO - Starting client execution with ID: 4
2025-03-24 20:04:56,585 - DEBUG - Loading dataset
2025-03-24 20:04:56,590 - INFO - Dataset loaded: 216 training samples, 72 test samples
2025-03-24 20:04:56,590 - DEBUG - Loading and compiling model
2025-03-24 20:04:56,592 - DEBUG - Initializing TCPClient with server address: ('federated-learning-server-svc', 12345) and client ID: 2
2025-03-24 20:04:56,593 - INFO - Starting client execution with ID: 2
2025-03-24 20:04:56,594 - DEBUG - Loading dataset
2025-03-24 20:04:56,597 - INFO - Dataset loaded: 216 training samples, 72 test samples
2025-03-24 20:04:56,684 - DEBUG - Loading and compiling model
2025-03-24 20:04:56,687 - INFO - Model compiled successfully
2025-03-24 20:04:56,688 - DEBUG - Connecting to server at address: ('federated-learning-server-svc', 12345)
2025-03-24 20:04:56,690 - INFO - Connected to server
2025-03-24 20:04:56,691 - DEBUG - Managing communication with server
2025-03-24 20:04:56,702 - DEBUG - Received message of type: MessageType.FEDERATED_WEIGHTS with length: 2080532
2025-03-24 20:04:56,783 - DEBUG - Updating model weights
2025-03-24 20:04:56,886 - DEBUG - Model weights updated successfully
2025-03-24 20:04:56,887 - INFO - Evaluating model performance
2025-03-24 20:04:56,887 - DEBUG - Evaluating federated model
2025-03-24 20:04:56,895 - INFO - Model compiled successfully
2025-03-24 20:04:56,896 - DEBUG - Connecting to server at address: ('federated-learning-server-svc', 12345)
2025-03-24 20:04:56,904 - INFO - Connected to server
2025-03-24 20:04:56,905 - DEBUG - Managing communication with server
2025-03-24 20:04:56,996 - DEBUG - Received message of type: MessageType.FEDERATED_WEIGHTS with length: 2080532
2025-03-24 20:04:56,997 - DEBUG - Updating model weights
2025-03-24 20:04:57,090 - DEBUG - Model weights updated successfully
2025-03-24 20:04:57,091 - INFO - Evaluating model performance
2025-03-24 20:04:57,091 - DEBUG - Evaluating federated model
2025-03-24 20:04:57,096 - INFO - Model compiled successfully
2025-03-24 20:04:57,097 - DEBUG - Connecting to server at address: ('federated-learning-server-svc', 12345)
2025-03-24 20:04:57,100 - INFO - Connected to server
2025-03-24 20:04:57,100 - DEBUG - Managing communication with server
2025-03-24 20:04:57,194 - DEBUG - Received message of type: MessageType.FEDERATED_WEIGHTS with length: 2080532
2025-03-24 20:04:57,195 - DEBUG - Updating model weights
2025-03-24 20:04:57,198 - INFO - Model compiled successfully
2025-03-24 20:04:57,198 - DEBUG - Connecting to server at address: ('federated-learning-server-svc', 12345)
2025-03-24 20:04:57,200 - INFO - Connected to server
2025-03-24 20:04:57,200 - DEBUG - Managing communication with server
2025-03-24 20:04:57,209 - DEBUG - Received message of type: MessageType.FEDERATED_WEIGHTS with length: 2080532
2025-03-24 20:04:57,284 - DEBUG - Updating model weights
2025-03-24 20:04:57,286 - DEBUG - Model weights updated successfully
2025-03-24 20:04:57,287 - INFO - Evaluating model performance
2025-03-24 20:04:57,287 - DEBUG - Evaluating federated model
2025-03-24 20:04:57,293 - DEBUG - Model weights updated successfully
2025-03-24 20:04:57,294 - INFO - Evaluating model performance
2025-03-24 20:04:57,294 - DEBUG - Evaluating federated model
2025-03-24 20:04:57,296 - INFO - Model compiled successfully
2025-03-24 20:04:57,297 - DEBUG - Connecting to server at address: ('federated-learning-server-svc', 12345)
2025-03-24 20:04:57,299 - INFO - Connected to server
2025-03-24 20:04:57,300 - DEBUG - Managing communication with server
2025-03-24 20:04:57,300 - INFO - Model compiled successfully
2025-03-24 20:04:57,300 - DEBUG - Connecting to server at address: ('federated-learning-server-svc', 12345)
2025-03-24 20:04:57,302 - INFO - Connected to server
2025-03-24 20:04:57,384 - DEBUG - Managing communication with server
2025-03-24 20:04:57,392 - DEBUG - Received message of type: MessageType.FEDERATED_WEIGHTS with length: 2080532
2025-03-24 20:04:57,394 - DEBUG - Updating model weights
2025-03-24 20:04:57,400 - DEBUG - Received message of type: MessageType.FEDERATED_WEIGHTS with length: 2080532
2025-03-24 20:04:57,401 - DEBUG - Updating model weights
2025-03-24 20:04:57,410 - DEBUG - Model weights updated successfully
2025-03-24 20:04:57,484 - INFO - Evaluating model performance
2025-03-24 20:04:57,484 - DEBUG - Evaluating federated model
2025-03-24 20:04:57,487 - DEBUG - Model weights updated successfully
2025-03-24 20:04:57,487 - INFO - Evaluating model performance
2025-03-24 20:04:57,488 - DEBUG - Evaluating federated model
2025-03-24 20:04:59,790 - INFO - Starting model training for 20 epochs
2025-03-24 20:04:59,793 - DEBUG - Starting epoch 1/20
2025-03-24 20:04:59,794 - DEBUG - Shuffling dataset for epoch 1
2025-03-24 20:04:59,896 - INFO - Starting model training for 20 epochs
2025-03-24 20:04:59,897 - DEBUG - Starting epoch 1/20
2025-03-24 20:04:59,897 - DEBUG - Shuffling dataset for epoch 1
2025-03-24 20:05:00,088 - INFO - Starting model training for 20 epochs
2025-03-24 20:05:00,089 - DEBUG - Starting epoch 1/20
2025-03-24 20:05:00,089 - DEBUG - Shuffling dataset for epoch 1
2025-03-24 20:05:00,188 - INFO - Starting model training for 20 epochs
2025-03-24 20:05:00,188 - DEBUG - Starting epoch 1/20
2025-03-24 20:05:00,189 - DEBUG - Shuffling dataset for epoch 1
2025-03-24 20:05:00,198 - INFO - Starting model training for 20 epochs
2025-03-24 20:05:00,199 - DEBUG - Starting epoch 1/20
2025-03-24 20:05:00,199 - DEBUG - Shuffling dataset for epoch 1
2025-03-24 20:05:00,296 - INFO - Starting model training for 20 epochs
2025-03-24 20:05:00,297 - DEBUG - Starting epoch 1/20
2025-03-24 20:05:00,297 - DEBUG - Shuffling dataset for epoch 1
2025-03-24 20:05:07,393 - DEBUG - Starting epoch 2/20
2025-03-24 20:05:07,393 - DEBUG - Shuffling dataset for epoch 2
2025-03-24 20:05:07,600 - DEBUG - Starting epoch 2/20
2025-03-24 20:05:07,601 - DEBUG - Shuffling dataset for epoch 2
2025-03-24 20:05:07,890 - DEBUG - Starting epoch 2/20
2025-03-24 20:05:07,891 - DEBUG - Shuffling dataset for epoch 2
2025-03-24 20:05:08,391 - DEBUG - Starting epoch 2/20
2025-03-24 20:05:08,393 - DEBUG - Shuffling dataset for epoch 2
2025-03-24 20:05:08,397 - DEBUG - Starting epoch 2/20
2025-03-24 20:05:08,398 - DEBUG - Shuffling dataset for epoch 2
2025-03-24 20:05:08,897 - DEBUG - Starting epoch 2/20
2025-03-24 20:05:08,983 - DEBUG - Shuffling dataset for epoch 2
2025-03-24 20:05:09,486 - DEBUG - Starting epoch 3/20
2025-03-24 20:05:09,488 - DEBUG - Shuffling dataset for epoch 3
2025-03-24 20:05:09,587 - DEBUG - Starting epoch 3/20
2025-03-24 20:05:09,592 - DEBUG - Shuffling dataset for epoch 3
2025-03-24 20:05:10,100 - DEBUG - Starting epoch 3/20
2025-03-24 20:05:10,101 - DEBUG - Shuffling dataset for epoch 3
2025-03-24 20:05:10,698 - DEBUG - Starting epoch 3/20
2025-03-24 20:05:10,699 - DEBUG - Shuffling dataset for epoch 3
2025-03-24 20:05:10,785 - DEBUG - Starting epoch 3/20
2025-03-24 20:05:10,794 - DEBUG - Shuffling dataset for epoch 3
2025-03-24 20:05:11,398 - DEBUG - Starting epoch 3/20
2025-03-24 20:05:11,483 - DEBUG - Shuffling dataset for epoch 3
2025-03-24 20:05:11,684 - DEBUG - Starting epoch 4/20
2025-03-24 20:05:11,687 - DEBUG - Shuffling dataset for epoch 4
2025-03-24 20:05:11,698 - DEBUG - Starting epoch 4/20
2025-03-24 20:05:11,783 - DEBUG - Shuffling dataset for epoch 4
2025-03-24 20:05:12,305 - DEBUG - Starting epoch 4/20
2025-03-24 20:05:12,383 - DEBUG - Shuffling dataset for epoch 4
2025-03-24 20:05:13,089 - DEBUG - Starting epoch 4/20
2025-03-24 20:05:13,091 - DEBUG - Shuffling dataset for epoch 4
2025-03-24 20:05:13,190 - DEBUG - Starting epoch 4/20
2025-03-24 20:05:13,192 - DEBUG - Shuffling dataset for epoch 4
2025-03-24 20:05:13,789 - DEBUG - Starting epoch 4/20
2025-03-24 20:05:13,792 - DEBUG - Shuffling dataset for epoch 4
2025-03-24 20:05:13,986 - DEBUG - Starting epoch 5/20
2025-03-24 20:05:13,992 - DEBUG - Shuffling dataset for epoch 5
2025-03-24 20:05:14,087 - DEBUG - Starting epoch 5/20
2025-03-24 20:05:14,088 - DEBUG - Shuffling dataset for epoch 5
2025-03-24 20:05:14,596 - DEBUG - Starting epoch 5/20
2025-03-24 20:05:14,597 - DEBUG - Shuffling dataset for epoch 5
2025-03-24 20:05:15,285 - DEBUG - Starting epoch 5/20
2025-03-24 20:05:15,286 - DEBUG - Shuffling dataset for epoch 5
2025-03-24 20:05:15,393 - DEBUG - Starting epoch 5/20
2025-03-24 20:05:15,394 - DEBUG - Shuffling dataset for epoch 5
2025-03-24 20:05:15,796 - DEBUG - Starting epoch 5/20
2025-03-24 20:05:15,798 - DEBUG - Shuffling dataset for epoch 5
2025-03-24 20:05:15,897 - DEBUG - Starting epoch 6/20
2025-03-24 20:05:15,983 - DEBUG - Shuffling dataset for epoch 6
2025-03-24 20:05:16,293 - DEBUG - Starting epoch 6/20
2025-03-24 20:05:16,294 - DEBUG - Shuffling dataset for epoch 6
2025-03-24 20:05:16,690 - DEBUG - Starting epoch 6/20
2025-03-24 20:05:16,783 - DEBUG - Shuffling dataset for epoch 6
2025-03-24 20:05:17,186 - DEBUG - Starting epoch 6/20
2025-03-24 20:05:17,188 - DEBUG - Shuffling dataset for epoch 6
2025-03-24 20:05:17,400 - DEBUG - Starting epoch 6/20
2025-03-24 20:05:17,483 - DEBUG - Shuffling dataset for epoch 6
2025-03-24 20:05:17,798 - DEBUG - Starting epoch 6/20
2025-03-24 20:05:17,883 - DEBUG - Shuffling dataset for epoch 6
2025-03-24 20:05:17,997 - DEBUG - Starting epoch 7/20
2025-03-24 20:05:18,084 - DEBUG - Shuffling dataset for epoch 7
2025-03-24 20:05:18,390 - DEBUG - Starting epoch 7/20
2025-03-24 20:05:18,392 - DEBUG - Shuffling dataset for epoch 7
2025-03-24 20:05:18,890 - DEBUG - Starting epoch 7/20
2025-03-24 20:05:18,895 - DEBUG - Shuffling dataset for epoch 7
2025-03-24 20:05:19,086 - DEBUG - Starting epoch 7/20
2025-03-24 20:05:19,096 - DEBUG - Shuffling dataset for epoch 7
2025-03-24 20:05:19,797 - DEBUG - Starting epoch 7/20
2025-03-24 20:05:19,883 - DEBUG - Shuffling dataset for epoch 7
2025-03-24 20:05:19,986 - DEBUG - Starting epoch 7/20
2025-03-24 20:05:19,987 - DEBUG - Shuffling dataset for epoch 7
2025-03-24 20:05:20,397 - DEBUG - Starting epoch 8/20
2025-03-24 20:05:20,398 - DEBUG - Shuffling dataset for epoch 8
2025-03-24 20:05:20,599 - DEBUG - Starting epoch 8/20
2025-03-24 20:05:20,684 - DEBUG - Shuffling dataset for epoch 8
2025-03-24 20:05:20,997 - DEBUG - Starting epoch 8/20
2025-03-24 20:05:21,083 - DEBUG - Shuffling dataset for epoch 8
2025-03-24 20:05:21,193 - DEBUG - Starting epoch 8/20
2025-03-24 20:05:21,195 - DEBUG - Shuffling dataset for epoch 8
2025-03-24 20:05:21,696 - DEBUG - Starting epoch 8/20
2025-03-24 20:05:21,697 - DEBUG - Shuffling dataset for epoch 8
2025-03-24 20:05:21,900 - DEBUG - Starting epoch 8/20
2025-03-24 20:05:21,983 - DEBUG - Shuffling dataset for epoch 8
2025-03-24 20:05:22,290 - DEBUG - Starting epoch 9/20
2025-03-24 20:05:22,293 - DEBUG - Shuffling dataset for epoch 9
2025-03-24 20:05:22,791 - DEBUG - Starting epoch 9/20
2025-03-24 20:05:22,794 - DEBUG - Shuffling dataset for epoch 9
2025-03-24 20:05:23,086 - DEBUG - Starting epoch 9/20
2025-03-24 20:05:23,088 - DEBUG - Shuffling dataset for epoch 9
2025-03-24 20:05:23,489 - DEBUG - Starting epoch 9/20
2025-03-24 20:05:23,492 - DEBUG - Shuffling dataset for epoch 9
2025-03-24 20:05:23,786 - DEBUG - Starting epoch 9/20
2025-03-24 20:05:23,791 - DEBUG - Shuffling dataset for epoch 9
2025-03-24 20:05:24,189 - DEBUG - Starting epoch 9/20
2025-03-24 20:05:24,194 - DEBUG - Shuffling dataset for epoch 9
2025-03-24 20:05:24,501 - DEBUG - Starting epoch 10/20
2025-03-24 20:05:24,583 - DEBUG - Shuffling dataset for epoch 10
2025-03-24 20:05:25,103 - DEBUG - Starting epoch 10/20
2025-03-24 20:05:25,104 - DEBUG - Shuffling dataset for epoch 10
2025-03-24 20:05:25,105 - DEBUG - Starting epoch 10/20
2025-03-24 20:05:25,183 - DEBUG - Shuffling dataset for epoch 10
2025-03-24 20:05:25,491 - DEBUG - Starting epoch 10/20
2025-03-24 20:05:25,493 - DEBUG - Shuffling dataset for epoch 10
2025-03-24 20:05:25,699 - DEBUG - Starting epoch 10/20
2025-03-24 20:05:25,783 - DEBUG - Shuffling dataset for epoch 10
2025-03-24 20:05:26,390 - DEBUG - Starting epoch 10/20
2025-03-24 20:05:26,483 - DEBUG - Shuffling dataset for epoch 10
2025-03-24 20:05:26,590 - DEBUG - Starting epoch 11/20
2025-03-24 20:05:26,594 - DEBUG - Shuffling dataset for epoch 11
2025-03-24 20:05:27,101 - DEBUG - Starting epoch 11/20
2025-03-24 20:05:27,102 - DEBUG - Shuffling dataset for epoch 11
2025-03-24 20:05:27,190 - DEBUG - Starting epoch 11/20
2025-03-24 20:05:27,191 - DEBUG - Shuffling dataset for epoch 11
2025-03-24 20:05:27,389 - DEBUG - Starting epoch 11/20
2025-03-24 20:05:27,390 - DEBUG - Shuffling dataset for epoch 11
2025-03-24 20:05:27,790 - DEBUG - Starting epoch 11/20
2025-03-24 20:05:27,792 - DEBUG - Shuffling dataset for epoch 11
2025-03-24 20:05:28,388 - DEBUG - Starting epoch 11/20
2025-03-24 20:05:28,389 - DEBUG - Shuffling dataset for epoch 11
2025-03-24 20:05:28,599 - DEBUG - Starting epoch 12/20
2025-03-24 20:05:28,683 - DEBUG - Shuffling dataset for epoch 12
2025-03-24 20:05:29,187 - DEBUG - Starting epoch 12/20
2025-03-24 20:05:29,189 - DEBUG - Shuffling dataset for epoch 12
2025-03-24 20:05:29,484 - DEBUG - Starting epoch 12/20
2025-03-24 20:05:29,485 - DEBUG - Shuffling dataset for epoch 12
2025-03-24 20:05:29,587 - DEBUG - Starting epoch 12/20
2025-03-24 20:05:29,596 - DEBUG - Shuffling dataset for epoch 12
2025-03-24 20:05:29,888 - DEBUG - Starting epoch 12/20
2025-03-24 20:05:29,892 - DEBUG - Shuffling dataset for epoch 12
2025-03-24 20:05:30,596 - DEBUG - Starting epoch 12/20
2025-03-24 20:05:30,597 - DEBUG - Shuffling dataset for epoch 12
2025-03-24 20:05:30,698 - DEBUG - Starting epoch 13/20
2025-03-24 20:05:30,699 - DEBUG - Shuffling dataset for epoch 13
2025-03-24 20:05:31,292 - DEBUG - Starting epoch 13/20
2025-03-24 20:05:31,382 - DEBUG - Shuffling dataset for epoch 13
2025-03-24 20:05:31,488 - DEBUG - Starting epoch 13/20
2025-03-24 20:05:31,489 - DEBUG - Shuffling dataset for epoch 13
2025-03-24 20:05:31,799 - DEBUG - Starting epoch 13/20
2025-03-24 20:05:31,882 - DEBUG - Shuffling dataset for epoch 13
2025-03-24 20:05:31,886 - DEBUG - Starting epoch 13/20
2025-03-24 20:05:31,887 - DEBUG - Shuffling dataset for epoch 13
2025-03-24 20:05:32,589 - DEBUG - Starting epoch 13/20
2025-03-24 20:05:32,594 - DEBUG - Shuffling dataset for epoch 13
2025-03-24 20:05:32,687 - DEBUG - Starting epoch 14/20
2025-03-24 20:05:32,689 - DEBUG - Shuffling dataset for epoch 14
2025-03-24 20:05:33,487 - DEBUG - Starting epoch 14/20
2025-03-24 20:05:33,487 - DEBUG - Starting epoch 14/20
2025-03-24 20:05:33,489 - DEBUG - Shuffling dataset for epoch 14
2025-03-24 20:05:33,489 - DEBUG - Shuffling dataset for epoch 14
2025-03-24 20:05:33,797 - DEBUG - Starting epoch 14/20
2025-03-24 20:05:33,798 - DEBUG - Shuffling dataset for epoch 14
2025-03-24 20:05:34,185 - DEBUG - Starting epoch 14/20
2025-03-24 20:05:34,188 - DEBUG - Shuffling dataset for epoch 14
2025-03-24 20:05:34,784 - DEBUG - Starting epoch 15/20
2025-03-24 20:05:34,786 - DEBUG - Shuffling dataset for epoch 15
2025-03-24 20:05:34,887 - DEBUG - Starting epoch 14/20
2025-03-24 20:05:34,895 - DEBUG - Shuffling dataset for epoch 14
2025-03-24 20:05:35,297 - DEBUG - Starting epoch 15/20
2025-03-24 20:05:35,299 - DEBUG - Shuffling dataset for epoch 15
2025-03-24 20:05:35,592 - DEBUG - Starting epoch 15/20
2025-03-24 20:05:35,593 - DEBUG - Shuffling dataset for epoch 15
2025-03-24 20:05:35,889 - DEBUG - Starting epoch 15/20
2025-03-24 20:05:35,893 - DEBUG - Shuffling dataset for epoch 15
2025-03-24 20:05:36,095 - DEBUG - Starting epoch 15/20
2025-03-24 20:05:36,095 - DEBUG - Shuffling dataset for epoch 15
2025-03-24 20:05:36,589 - DEBUG - Starting epoch 16/20
2025-03-24 20:05:36,591 - DEBUG - Shuffling dataset for epoch 16
2025-03-24 20:05:36,982 - DEBUG - Starting epoch 15/20
2025-03-24 20:05:36,986 - DEBUG - Shuffling dataset for epoch 15
2025-03-24 20:05:37,288 - DEBUG - Starting epoch 16/20
2025-03-24 20:05:37,294 - DEBUG - Shuffling dataset for epoch 16
2025-03-24 20:05:37,688 - DEBUG - Starting epoch 16/20
2025-03-24 20:05:37,692 - DEBUG - Shuffling dataset for epoch 16
2025-03-24 20:05:37,789 - DEBUG - Starting epoch 16/20
2025-03-24 20:05:37,793 - DEBUG - Shuffling dataset for epoch 16
2025-03-24 20:05:38,199 - DEBUG - Starting epoch 16/20
2025-03-24 20:05:38,282 - DEBUG - Shuffling dataset for epoch 16
2025-03-24 20:05:38,499 - DEBUG - Starting epoch 17/20
2025-03-24 20:05:38,582 - DEBUG - Shuffling dataset for epoch 17
2025-03-24 20:05:38,985 - DEBUG - Starting epoch 16/20
2025-03-24 20:05:38,986 - DEBUG - Shuffling dataset for epoch 16
2025-03-24 20:05:39,385 - DEBUG - Starting epoch 17/20
2025-03-24 20:05:39,391 - DEBUG - Shuffling dataset for epoch 17
2025-03-24 20:05:39,496 - DEBUG - Starting epoch 17/20
2025-03-24 20:05:39,497 - DEBUG - Shuffling dataset for epoch 17
2025-03-24 20:05:39,700 - DEBUG - Starting epoch 17/20
2025-03-24 20:05:39,783 - DEBUG - Shuffling dataset for epoch 17
2025-03-24 20:05:40,300 - DEBUG - Starting epoch 17/20
2025-03-24 20:05:40,301 - DEBUG - Shuffling dataset for epoch 17
2025-03-24 20:05:40,389 - DEBUG - Starting epoch 18/20
2025-03-24 20:05:40,394 - DEBUG - Shuffling dataset for epoch 18
2025-03-24 20:05:40,985 - DEBUG - Starting epoch 17/20
2025-03-24 20:05:40,987 - DEBUG - Shuffling dataset for epoch 17
2025-03-24 20:05:41,488 - DEBUG - Starting epoch 18/20
2025-03-24 20:05:41,491 - DEBUG - Shuffling dataset for epoch 18
2025-03-24 20:05:41,499 - DEBUG - Starting epoch 18/20
2025-03-24 20:05:41,582 - DEBUG - Shuffling dataset for epoch 18
2025-03-24 20:05:41,892 - DEBUG - Starting epoch 18/20
2025-03-24 20:05:41,894 - DEBUG - Shuffling dataset for epoch 18
2025-03-24 20:05:42,185 - DEBUG - Starting epoch 18/20
2025-03-24 20:05:42,188 - DEBUG - Shuffling dataset for epoch 18
2025-03-24 20:05:42,390 - DEBUG - Starting epoch 19/20
2025-03-24 20:05:42,394 - DEBUG - Shuffling dataset for epoch 19
2025-03-24 20:05:42,987 - DEBUG - Starting epoch 18/20
2025-03-24 20:05:43,082 - DEBUG - Shuffling dataset for epoch 18
2025-03-24 20:05:43,287 - DEBUG - Starting epoch 19/20
2025-03-24 20:05:43,291 - DEBUG - Shuffling dataset for epoch 19
2025-03-24 20:05:43,488 - DEBUG - Starting epoch 19/20
2025-03-24 20:05:43,494 - DEBUG - Shuffling dataset for epoch 19
2025-03-24 20:05:43,988 - DEBUG - Starting epoch 19/20
2025-03-24 20:05:43,994 - DEBUG - Shuffling dataset for epoch 19
2025-03-24 20:05:44,292 - DEBUG - Starting epoch 20/20
2025-03-24 20:05:44,294 - DEBUG - Shuffling dataset for epoch 20
2025-03-24 20:05:44,585 - DEBUG - Starting epoch 19/20
2025-03-24 20:05:44,586 - DEBUG - Shuffling dataset for epoch 19
2025-03-24 20:05:44,897 - DEBUG - Starting epoch 19/20
2025-03-24 20:05:44,982 - DEBUG - Shuffling dataset for epoch 19
2025-03-24 20:05:45,289 - DEBUG - Starting epoch 20/20
2025-03-24 20:05:45,293 - DEBUG - Shuffling dataset for epoch 20
2025-03-24 20:05:45,501 - DEBUG - Starting epoch 20/20
2025-03-24 20:05:45,582 - DEBUG - Shuffling dataset for epoch 20
2025-03-24 20:05:46,095 - DEBUG - Starting epoch 20/20
2025-03-24 20:05:46,097 - DEBUG - Shuffling dataset for epoch 20
2025-03-24 20:05:46,295 - INFO - Training completed, saving model weights
2025-03-24 20:05:46,298 - DEBUG - Starting epoch 20/20
2025-03-24 20:05:46,299 - INFO - Evaluating model performance
2025-03-24 20:05:46,382 - DEBUG - Shuffling dataset for epoch 20
2025-03-24 20:05:46,382 - DEBUG - Evaluating training model
2025-03-24 20:05:46,886 - DEBUG - Starting epoch 20/20
2025-03-24 20:05:46,888 - DEBUG - Shuffling dataset for epoch 20
2025-03-24 20:05:47,290 - INFO - Training completed, saving model weights
2025-03-24 20:05:47,290 - INFO - Training completed, saving model weights
2025-03-24 20:05:47,293 - INFO - Evaluating model performance
2025-03-24 20:05:47,293 - INFO - Evaluating model performance
2025-03-24 20:05:47,294 - DEBUG - Evaluating training model
2025-03-24 20:05:47,294 - DEBUG - Evaluating training model
2025-03-24 20:05:47,599 - INFO - Sending local model to server
2025-03-24 20:05:47,683 - DEBUG - Sending message of type: MessageType.CLIENT_MODEL to server
2025-03-24 20:05:47,699 - INFO - Training completed, saving model weights
2025-03-24 20:05:47,784 - INFO - Evaluating model performance
2025-03-24 20:05:47,785 - DEBUG - Evaluating training model
2025-03-24 20:05:47,791 - DEBUG - Message sent successfully
2025-03-24 20:05:47,792 - DEBUG - Local model sent successfully
2025-03-24 20:05:47,982 - INFO - Training completed, saving model weights
2025-03-24 20:05:47,985 - INFO - Evaluating model performance
2025-03-24 20:05:47,987 - DEBUG - Evaluating training model
2025-03-24 20:05:48,184 - INFO - Training completed, saving model weights
2025-03-24 20:05:48,187 - INFO - Evaluating model performance
2025-03-24 20:05:48,187 - DEBUG - Evaluating training model
2025-03-24 20:05:48,196 - INFO - Sending local model to server
2025-03-24 20:05:48,196 - INFO - Sending local model to server
2025-03-24 20:05:48,196 - DEBUG - Sending message of type: MessageType.CLIENT_MODEL to server
2025-03-24 20:05:48,197 - DEBUG - Sending message of type: MessageType.CLIENT_MODEL to server
2025-03-24 20:05:48,204 - DEBUG - Message sent successfully
2025-03-24 20:05:48,205 - DEBUG - Local model sent successfully
2025-03-24 20:05:48,287 - DEBUG - Message sent successfully
2025-03-24 20:05:48,287 - DEBUG - Local model sent successfully
2025-03-24 20:05:48,295 - INFO - Sending local model to server
2025-03-24 20:05:48,296 - DEBUG - Sending message of type: MessageType.CLIENT_MODEL to server
2025-03-24 20:05:48,301 - DEBUG - Message sent successfully
2025-03-24 20:05:48,302 - DEBUG - Local model sent successfully
2025-03-24 20:05:48,321 - INFO - Sending local model to server
2025-03-24 20:05:48,321 - DEBUG - Sending message of type: MessageType.CLIENT_MODEL to server
2025-03-24 20:05:48,329 - DEBUG - Message sent successfully
2025-03-24 20:05:48,329 - DEBUG - Local model sent successfully
2025-03-24 20:05:48,416 - INFO - Sending local model to server
2025-03-24 20:05:48,416 - DEBUG - Sending message of type: MessageType.CLIENT_MODEL to server
2025-03-24 20:05:48,421 - DEBUG - Message sent successfully
2025-03-24 20:05:48,421 - DEBUG - Local model sent successfully
2025-03-24 20:07:36,897 - DEBUG - Found a worker binary at: /usr/local/lib/python3.11/site-packages/tensorflow_federated/python/core/impl/executor_stacks/../../../../data/worker_binary
2025-03-24 20:07:36,979 - DEBUG - Using selector: EpollSelector
2025-03-24 20:07:36,986 - DEBUG - Found a worker binary at: /usr/local/lib/python3.11/site-packages/tensorflow_federated/python/core/impl/executor_stacks/../../../../data/worker_binary
2025-03-24 20:07:36,987 - DEBUG - Using selector: EpollSelector
2025-03-24 20:07:36,993 - DEBUG - Found a worker binary at: /usr/local/lib/python3.11/site-packages/tensorflow_federated/python/core/impl/executor_stacks/../../../../data/worker_binary
2025-03-24 20:07:37,079 - DEBUG - Using selector: EpollSelector
2025-03-24 20:07:37,390 - DEBUG - Found a worker binary at: /usr/local/lib/python3.11/site-packages/tensorflow_federated/python/core/impl/executor_stacks/../../../../data/worker_binary
2025-03-24 20:07:37,391 - DEBUG - Using selector: EpollSelector
2025-03-24 20:07:37,581 - DEBUG - Found a worker binary at: /usr/local/lib/python3.11/site-packages/tensorflow_federated/python/core/impl/executor_stacks/../../../../data/worker_binary
2025-03-24 20:07:37,583 - DEBUG - Using selector: EpollSelector
2025-03-24 20:07:37,796 - DEBUG - Found a worker binary at: /usr/local/lib/python3.11/site-packages/tensorflow_federated/python/core/impl/executor_stacks/../../../../data/worker_binary
2025-03-24 20:07:37,879 - DEBUG - Using selector: EpollSelector
2025-03-24 20:07:38,397 - DEBUG - Found a worker binary at: /usr/local/lib/python3.11/site-packages/tensorflow_federated/python/core/impl/executor_stacks/../../../../data/worker_binary
2025-03-24 20:07:38,479 - DEBUG - Using selector: EpollSelector
2025-03-24 20:07:38,502 - DEBUG - Found a worker binary at: /usr/local/lib/python3.11/site-packages/tensorflow_federated/python/core/impl/executor_stacks/../../../../data/worker_binary
2025-03-24 20:07:38,579 - DEBUG - Using selector: EpollSelector
2025-03-24 20:07:38,792 - DEBUG - Found a worker binary at: /usr/local/lib/python3.11/site-packages/tensorflow_federated/python/core/impl/executor_stacks/../../../../data/worker_binary
2025-03-24 20:07:38,793 - DEBUG - Using selector: EpollSelector
2025-03-24 20:07:38,886 - DEBUG - Initializing TCPClient with server address: ('federated-learning-server-svc', 12345) and client ID: 4
2025-03-24 20:07:38,888 - INFO - Starting client execution with ID: 4
2025-03-24 20:07:38,890 - DEBUG - Loading dataset
2025-03-24 20:07:38,893 - INFO - Dataset loaded: 216 training samples, 72 test samples
2025-03-24 20:07:38,978 - DEBUG - Loading and compiling model
2025-03-24 20:07:38,994 - DEBUG - Initializing TCPClient with server address: ('federated-learning-server-svc', 12345) and client ID: 1
2025-03-24 20:07:39,080 - INFO - Starting client execution with ID: 1
2025-03-24 20:07:39,080 - DEBUG - Loading dataset
2025-03-24 20:07:39,084 - INFO - Dataset loaded: 216 training samples, 72 test samples
2025-03-24 20:07:39,085 - DEBUG - Loading and compiling model
2025-03-24 20:07:39,093 - DEBUG - Initializing TCPClient with server address: ('federated-learning-server-svc', 12345) and client ID: 2
2025-03-24 20:07:39,094 - INFO - Starting client execution with ID: 2
2025-03-24 20:07:39,178 - DEBUG - Loading dataset
2025-03-24 20:07:39,182 - INFO - Dataset loaded: 216 training samples, 72 test samples
2025-03-24 20:07:39,183 - DEBUG - Loading and compiling model
2025-03-24 20:07:39,296 - DEBUG - Initializing TCPClient with server address: ('federated-learning-server-svc', 12345) and client ID: 0
2025-03-24 20:07:39,379 - INFO - Starting client execution with ID: 0
2025-03-24 20:07:39,380 - DEBUG - Loading dataset
2025-03-24 20:07:39,384 - INFO - Dataset loaded: 216 training samples, 72 test samples
2025-03-24 20:07:39,384 - DEBUG - Loading and compiling model
2025-03-24 20:07:39,587 - DEBUG - Initializing TCPClient with server address: ('federated-learning-server-svc', 12345) and client ID: 8
2025-03-24 20:07:39,589 - INFO - Starting client execution with ID: 8
2025-03-24 20:07:39,679 - DEBUG - Loading dataset
2025-03-24 20:07:39,684 - INFO - Dataset loaded: 216 training samples, 72 test samples
2025-03-24 20:07:39,684 - DEBUG - Loading and compiling model
2025-03-24 20:07:39,691 - INFO - Model compiled successfully
2025-03-24 20:07:39,692 - DEBUG - Connecting to server at address: ('federated-learning-server-svc', 12345)
2025-03-24 20:07:39,780 - ERROR - Socket error: [Errno 111] Connection refused
2025-03-24 20:07:39,781 - INFO - Closing connection with server
2025-03-24 20:07:39,782 - DEBUG - Connection closed
2025-03-24 20:07:39,782 - INFO - Client execution completed
2025-03-24 20:07:39,793 - DEBUG - Initializing TCPClient with server address: ('federated-learning-server-svc', 12345) and client ID: 5
2025-03-24 20:07:39,794 - INFO - Starting client execution with ID: 5
2025-03-24 20:07:39,879 - DEBUG - Loading dataset
2025-03-24 20:07:39,883 - INFO - Dataset loaded: 216 training samples, 72 test samples
2025-03-24 20:07:39,883 - DEBUG - Loading and compiling model
2025-03-24 20:07:39,892 - INFO - Model compiled successfully
2025-03-24 20:07:39,893 - DEBUG - Connecting to server at address: ('federated-learning-server-svc', 12345)
2025-03-24 20:07:39,896 - INFO - Model compiled successfully
2025-03-24 20:07:39,979 - DEBUG - Connecting to server at address: ('federated-learning-server-svc', 12345)
2025-03-24 20:07:39,979 - ERROR - Socket error: [Errno 111] Connection refused
2025-03-24 20:07:39,980 - INFO - Closing connection with server
2025-03-24 20:07:39,980 - DEBUG - Connection closed
2025-03-24 20:07:39,981 - INFO - Client execution completed
2025-03-24 20:07:39,982 - ERROR - Socket error: [Errno 111] Connection refused
2025-03-24 20:07:39,983 - INFO - Closing connection with server
2025-03-24 20:07:39,983 - DEBUG - Connection closed
2025-03-24 20:07:39,984 - INFO - Client execution completed
2025-03-24 20:07:40,187 - INFO - Model compiled successfully
2025-03-24 20:07:40,188 - DEBUG - Connecting to server at address: ('federated-learning-server-svc', 12345)
2025-03-24 20:07:40,190 - ERROR - Socket error: [Errno 111] Connection refused
2025-03-24 20:07:40,191 - INFO - Closing connection with server
2025-03-24 20:07:40,279 - DEBUG - Connection closed
2025-03-24 20:07:40,280 - INFO - Client execution completed
2025-03-24 20:07:40,479 - DEBUG - Initializing TCPClient with server address: ('federated-learning-server-svc', 12345) and client ID: 7
2025-03-24 20:07:40,481 - INFO - Starting client execution with ID: 7
2025-03-24 20:07:40,481 - DEBUG - Loading dataset
2025-03-24 20:07:40,485 - INFO - Dataset loaded: 216 training samples, 72 test samples
2025-03-24 20:07:40,486 - DEBUG - Loading and compiling model
2025-03-24 20:07:40,496 - INFO - Model compiled successfully
2025-03-24 20:07:40,579 - DEBUG - Connecting to server at address: ('federated-learning-server-svc', 12345)
2025-03-24 20:07:40,581 - ERROR - Socket error: [Errno 111] Connection refused
2025-03-24 20:07:40,583 - INFO - Closing connection with server
2025-03-24 20:07:40,584 - DEBUG - Connection closed
2025-03-24 20:07:40,584 - INFO - Client execution completed
2025-03-24 20:07:40,591 - DEBUG - Initializing TCPClient with server address: ('federated-learning-server-svc', 12345) and client ID: 6
2025-03-24 20:07:40,592 - INFO - Starting client execution with ID: 6
2025-03-24 20:07:40,593 - DEBUG - Loading dataset
2025-03-24 20:07:40,595 - INFO - Model compiled successfully
2025-03-24 20:07:40,597 - INFO - Dataset loaded: 216 training samples, 72 test samples
2025-03-24 20:07:40,679 - DEBUG - Loading and compiling model
2025-03-24 20:07:40,679 - DEBUG - Connecting to server at address: ('federated-learning-server-svc', 12345)
2025-03-24 20:07:40,680 - ERROR - Socket error: [Errno 111] Connection refused
2025-03-24 20:07:40,681 - INFO - Closing connection with server
2025-03-24 20:07:40,682 - DEBUG - Connection closed
2025-03-24 20:07:40,682 - INFO - Client execution completed
2025-03-24 20:07:40,995 - DEBUG - Initializing TCPClient with server address: ('federated-learning-server-svc', 12345) and client ID: 3
2025-03-24 20:07:41,079 - INFO - Starting client execution with ID: 3
2025-03-24 20:07:41,080 - DEBUG - Loading dataset
2025-03-24 20:07:41,084 - INFO - Dataset loaded: 216 training samples, 72 test samples
2025-03-24 20:07:41,084 - DEBUG - Loading and compiling model
2025-03-24 20:07:41,198 - INFO - Model compiled successfully
2025-03-24 20:07:41,279 - DEBUG - Connecting to server at address: ('federated-learning-server-svc', 12345)
2025-03-24 20:07:41,281 - ERROR - Socket error: [Errno 111] Connection refused
2025-03-24 20:07:41,282 - INFO - Closing connection with server
2025-03-24 20:07:41,282 - DEBUG - Connection closed
2025-03-24 20:07:41,282 - INFO - Client execution completed
2025-03-24 20:07:41,489 - INFO - Model compiled successfully
2025-03-24 20:07:41,490 - DEBUG - Connecting to server at address: ('federated-learning-server-svc', 12345)
2025-03-24 20:07:41,580 - ERROR - Socket error: [Errno 111] Connection refused
2025-03-24 20:07:41,581 - INFO - Closing connection with server
2025-03-24 20:07:41,581 - DEBUG - Connection closed
2025-03-24 20:07:41,582 - INFO - Client execution completed
2025-03-24 20:07:41,882 - INFO - Model compiled successfully
2025-03-24 20:07:41,882 - DEBUG - Connecting to server at address: ('federated-learning-server-svc', 12345)
2025-03-24 20:07:41,884 - ERROR - Socket error: [Errno 111] Connection refused
2025-03-24 20:07:41,885 - INFO - Closing connection with server
2025-03-24 20:07:41,885 - DEBUG - Connection closed
2025-03-24 20:07:41,885 - INFO - Client execution completed
2025-03-24 21:16:18,153 - DEBUG - Found a worker binary at: /usr/local/lib/python3.11/site-packages/tensorflow_federated/python/core/impl/executor_stacks/../../../../data/worker_binary
2025-03-24 21:16:18,155 - DEBUG - Using selector: EpollSelector
2025-03-24 21:16:18,461 - DEBUG - Found a worker binary at: /usr/local/lib/python3.11/site-packages/tensorflow_federated/python/core/impl/executor_stacks/../../../../data/worker_binary
2025-03-24 21:16:18,546 - DEBUG - Found a worker binary at: /usr/local/lib/python3.11/site-packages/tensorflow_federated/python/core/impl/executor_stacks/../../../../data/worker_binary
2025-03-24 21:16:18,547 - DEBUG - Using selector: EpollSelector
2025-03-24 21:16:18,548 - DEBUG - Using selector: EpollSelector
2025-03-24 21:16:18,659 - DEBUG - Found a worker binary at: /usr/local/lib/python3.11/site-packages/tensorflow_federated/python/core/impl/executor_stacks/../../../../data/worker_binary
2025-03-24 21:16:18,747 - DEBUG - Using selector: EpollSelector
2025-03-24 21:16:19,062 - DEBUG - Found a worker binary at: /usr/local/lib/python3.11/site-packages/tensorflow_federated/python/core/impl/executor_stacks/../../../../data/worker_binary
2025-03-24 21:16:19,147 - DEBUG - Using selector: EpollSelector
2025-03-24 21:16:19,459 - DEBUG - Found a worker binary at: /usr/local/lib/python3.11/site-packages/tensorflow_federated/python/core/impl/executor_stacks/../../../../data/worker_binary
2025-03-24 21:16:19,461 - DEBUG - Using selector: EpollSelector
2025-03-24 21:16:19,649 - DEBUG - Found a worker binary at: /usr/local/lib/python3.11/site-packages/tensorflow_federated/python/core/impl/executor_stacks/../../../../data/worker_binary
2025-03-24 21:16:19,650 - DEBUG - Using selector: EpollSelector
2025-03-24 21:16:19,656 - DEBUG - Found a worker binary at: /usr/local/lib/python3.11/site-packages/tensorflow_federated/python/core/impl/executor_stacks/../../../../data/worker_binary
2025-03-24 21:16:19,657 - DEBUG - Using selector: EpollSelector
2025-03-24 21:16:19,754 - DEBUG - Found a worker binary at: /usr/local/lib/python3.11/site-packages/tensorflow_federated/python/core/impl/executor_stacks/../../../../data/worker_binary
2025-03-24 21:16:19,755 - DEBUG - Using selector: EpollSelector
2025-03-24 21:16:20,153 - DEBUG - Initializing TCPClient with server address: ('federated-learning-server-svc', 12345) and client ID: 1
2025-03-24 21:16:20,155 - INFO - Starting client execution with ID: 1
2025-03-24 21:16:20,156 - DEBUG - Loading dataset
2025-03-24 21:16:20,160 - INFO - Dataset loaded: 216 training samples, 72 test samples
2025-03-24 21:16:20,247 - DEBUG - Loading and compiling model
2025-03-24 21:16:20,454 - DEBUG - Initializing TCPClient with server address: ('federated-learning-server-svc', 12345) and client ID: 6
2025-03-24 21:16:20,456 - INFO - Starting client execution with ID: 6
2025-03-24 21:16:20,458 - DEBUG - Loading dataset
2025-03-24 21:16:20,461 - INFO - Dataset loaded: 216 training samples, 72 test samples
2025-03-24 21:16:20,546 - DEBUG - Loading and compiling model
2025-03-24 21:16:20,558 - DEBUG - Initializing TCPClient with server address: ('federated-learning-server-svc', 12345) and client ID: 3
2025-03-24 21:16:20,560 - INFO - Starting client execution with ID: 3
2025-03-24 21:16:20,562 - DEBUG - Loading dataset
2025-03-24 21:16:20,565 - INFO - Dataset loaded: 216 training samples, 72 test samples
2025-03-24 21:16:20,646 - DEBUG - Loading and compiling model
2025-03-24 21:16:20,848 - DEBUG - Initializing TCPClient with server address: ('federated-learning-server-svc', 12345) and client ID: 4
2025-03-24 21:16:20,850 - INFO - Starting client execution with ID: 4
2025-03-24 21:16:20,851 - DEBUG - Loading dataset
2025-03-24 21:16:20,855 - INFO - Dataset loaded: 216 training samples, 72 test samples
2025-03-24 21:16:20,856 - DEBUG - Loading and compiling model
2025-03-24 21:16:21,050 - INFO - Model compiled successfully
2025-03-24 21:16:21,053 - DEBUG - Connecting to server at address: ('federated-learning-server-svc', 12345)
2025-03-24 21:16:21,056 - ERROR - Socket error: [Errno 111] Connection refused
2025-03-24 21:16:21,058 - INFO - Closing connection with server
2025-03-24 21:16:21,058 - DEBUG - Connection closed
2025-03-24 21:16:21,059 - INFO - Client execution completed
2025-03-24 21:16:21,458 - DEBUG - Initializing TCPClient with server address: ('federated-learning-server-svc', 12345) and client ID: 0
2025-03-24 21:16:21,460 - INFO - Starting client execution with ID: 0
2025-03-24 21:16:21,461 - DEBUG - Loading dataset
2025-03-24 21:16:21,547 - INFO - Dataset loaded: 216 training samples, 72 test samples
2025-03-24 21:16:21,549 - DEBUG - Loading and compiling model
2025-03-24 21:16:21,560 - INFO - Model compiled successfully
2025-03-24 21:16:21,561 - DEBUG - Connecting to server at address: ('federated-learning-server-svc', 12345)
2025-03-24 21:16:21,648 - ERROR - Socket error: [Errno 111] Connection refused
2025-03-24 21:16:21,650 - INFO - Closing connection with server
2025-03-24 21:16:21,651 - DEBUG - Connection closed
2025-03-24 21:16:21,653 - INFO - Client execution completed
2025-03-24 21:16:21,751 - INFO - Model compiled successfully
2025-03-24 21:16:21,751 - DEBUG - Connecting to server at address: ('federated-learning-server-svc', 12345)
2025-03-24 21:16:21,754 - ERROR - Socket error: [Errno 111] Connection refused
2025-03-24 21:16:21,755 - INFO - Closing connection with server
2025-03-24 21:16:21,756 - DEBUG - Connection closed
2025-03-24 21:16:21,847 - INFO - Client execution completed
2025-03-24 21:16:21,862 - DEBUG - Initializing TCPClient with server address: ('federated-learning-server-svc', 12345) and client ID: 2
2025-03-24 21:16:21,950 - INFO - Starting client execution with ID: 2
2025-03-24 21:16:21,951 - DEBUG - Loading dataset
2025-03-24 21:16:21,955 - INFO - Dataset loaded: 216 training samples, 72 test samples
2025-03-24 21:16:21,956 - DEBUG - Loading and compiling model
2025-03-24 21:16:22,149 - INFO - Model compiled successfully
2025-03-24 21:16:22,150 - DEBUG - Connecting to server at address: ('federated-learning-server-svc', 12345)
2025-03-24 21:16:22,157 - ERROR - Socket error: [Errno 111] Connection refused
2025-03-24 21:16:22,158 - INFO - Closing connection with server
2025-03-24 21:16:22,158 - DEBUG - Connection closed
2025-03-24 21:16:22,158 - INFO - Client execution completed
2025-03-24 21:16:22,160 - DEBUG - Initializing TCPClient with server address: ('federated-learning-server-svc', 12345) and client ID: 7
2025-03-24 21:16:22,162 - INFO - Starting client execution with ID: 7
2025-03-24 21:16:22,163 - DEBUG - Loading dataset
2025-03-24 21:16:22,248 - INFO - Dataset loaded: 216 training samples, 72 test samples
2025-03-24 21:16:22,249 - DEBUG - Loading and compiling model
2025-03-24 21:16:22,252 - DEBUG - Initializing TCPClient with server address: ('federated-learning-server-svc', 12345) and client ID: 5
2025-03-24 21:16:22,253 - INFO - Starting client execution with ID: 5
2025-03-24 21:16:22,254 - DEBUG - Loading dataset
2025-03-24 21:16:22,256 - DEBUG - Initializing TCPClient with server address: ('federated-learning-server-svc', 12345) and client ID: 8
2025-03-24 21:16:22,257 - INFO - Dataset loaded: 216 training samples, 72 test samples
2025-03-24 21:16:22,257 - DEBUG - Loading and compiling model
2025-03-24 21:16:22,258 - INFO - Starting client execution with ID: 8
2025-03-24 21:16:22,258 - DEBUG - Loading dataset
2025-03-24 21:16:22,262 - INFO - Dataset loaded: 216 training samples, 72 test samples
2025-03-24 21:16:22,263 - DEBUG - Loading and compiling model
2025-03-24 21:16:22,353 - INFO - Model compiled successfully
2025-03-24 21:16:22,354 - DEBUG - Connecting to server at address: ('federated-learning-server-svc', 12345)
2025-03-24 21:16:22,356 - ERROR - Socket error: [Errno 111] Connection refused
2025-03-24 21:16:22,357 - INFO - Closing connection with server
2025-03-24 21:16:22,357 - DEBUG - Connection closed
2025-03-24 21:16:22,358 - INFO - Client execution completed
2025-03-24 21:16:22,854 - INFO - Model compiled successfully
2025-03-24 21:16:22,855 - DEBUG - Connecting to server at address: ('federated-learning-server-svc', 12345)
2025-03-24 21:16:22,856 - INFO - Model compiled successfully
2025-03-24 21:16:22,857 - DEBUG - Connecting to server at address: ('federated-learning-server-svc', 12345)
2025-03-24 21:16:22,857 - ERROR - Socket error: [Errno 111] Connection refused
2025-03-24 21:16:22,857 - INFO - Closing connection with server
2025-03-24 21:16:22,858 - DEBUG - Connection closed
2025-03-24 21:16:22,858 - INFO - Client execution completed
2025-03-24 21:16:22,858 - ERROR - Socket error: [Errno 111] Connection refused
2025-03-24 21:16:22,946 - INFO - Closing connection with server
2025-03-24 21:16:22,948 - DEBUG - Connection closed
2025-03-24 21:16:22,948 - INFO - Client execution completed
2025-03-24 21:16:23,048 - INFO - Model compiled successfully
2025-03-24 21:16:23,052 - INFO - Model compiled successfully
2025-03-24 21:16:23,054 - DEBUG - Connecting to server at address: ('federated-learning-server-svc', 12345)
2025-03-24 21:16:23,056 - DEBUG - Connecting to server at address: ('federated-learning-server-svc', 12345)
2025-03-24 21:16:23,149 - ERROR - Socket error: [Errno 111] Connection refused
2025-03-24 21:16:23,149 - ERROR - Socket error: [Errno 111] Connection refused
2025-03-24 21:16:23,150 - INFO - Closing connection with server
2025-03-24 21:16:23,150 - INFO - Closing connection with server
2025-03-24 21:16:23,150 - DEBUG - Connection closed
2025-03-24 21:16:23,150 - DEBUG - Connection closed
2025-03-24 21:16:23,151 - INFO - Client execution completed
2025-03-24 21:16:23,151 - INFO - Client execution completed
2025-03-24 21:17:54,848 - DEBUG - Found a worker binary at: /usr/local/lib/python3.11/site-packages/tensorflow_federated/python/core/impl/executor_stacks/../../../../data/worker_binary
2025-03-24 21:17:54,849 - DEBUG - Using selector: EpollSelector
2025-03-24 21:17:55,349 - DEBUG - Found a worker binary at: /usr/local/lib/python3.11/site-packages/tensorflow_federated/python/core/impl/executor_stacks/../../../../data/worker_binary
2025-03-24 21:17:55,350 - DEBUG - Using selector: EpollSelector
2025-03-24 21:17:55,456 - DEBUG - Found a worker binary at: /usr/local/lib/python3.11/site-packages/tensorflow_federated/python/core/impl/executor_stacks/../../../../data/worker_binary
2025-03-24 21:17:55,457 - DEBUG - Using selector: EpollSelector
2025-03-24 21:17:55,661 - DEBUG - Found a worker binary at: /usr/local/lib/python3.11/site-packages/tensorflow_federated/python/core/impl/executor_stacks/../../../../data/worker_binary
2025-03-24 21:17:55,744 - DEBUG - Using selector: EpollSelector
2025-03-24 21:17:55,857 - DEBUG - Found a worker binary at: /usr/local/lib/python3.11/site-packages/tensorflow_federated/python/core/impl/executor_stacks/../../../../data/worker_binary
2025-03-24 21:17:55,858 - DEBUG - Using selector: EpollSelector
2025-03-24 21:17:55,962 - DEBUG - Found a worker binary at: /usr/local/lib/python3.11/site-packages/tensorflow_federated/python/core/impl/executor_stacks/../../../../data/worker_binary
2025-03-24 21:17:56,044 - DEBUG - Using selector: EpollSelector
2025-03-24 21:17:56,647 - DEBUG - Found a worker binary at: /usr/local/lib/python3.11/site-packages/tensorflow_federated/python/core/impl/executor_stacks/../../../../data/worker_binary
2025-03-24 21:17:56,649 - DEBUG - Using selector: EpollSelector
2025-03-24 21:17:56,852 - DEBUG - Found a worker binary at: /usr/local/lib/python3.11/site-packages/tensorflow_federated/python/core/impl/executor_stacks/../../../../data/worker_binary
2025-03-24 21:17:56,854 - DEBUG - Using selector: EpollSelector
2025-03-24 21:17:56,946 - DEBUG - Found a worker binary at: /usr/local/lib/python3.11/site-packages/tensorflow_federated/python/core/impl/executor_stacks/../../../../data/worker_binary
2025-03-24 21:17:56,947 - DEBUG - Using selector: EpollSelector
2025-03-24 21:17:57,048 - DEBUG - Initializing TCPClient with server address: ('federated-learning-server-svc', 12345) and client ID: 0
2025-03-24 21:17:57,050 - INFO - Starting client execution with ID: 0
2025-03-24 21:17:57,051 - DEBUG - Loading dataset
2025-03-24 21:17:57,056 - INFO - Dataset loaded: 216 training samples, 72 test samples
2025-03-24 21:17:57,144 - DEBUG - Loading and compiling model
2025-03-24 21:17:57,547 - DEBUG - Initializing TCPClient with server address: ('federated-learning-server-svc', 12345) and client ID: 1
2025-03-24 21:17:57,549 - INFO - Starting client execution with ID: 1
2025-03-24 21:17:57,551 - DEBUG - Loading dataset
2025-03-24 21:17:57,555 - INFO - Dataset loaded: 216 training samples, 72 test samples
2025-03-24 21:17:57,556 - DEBUG - Loading and compiling model
2025-03-24 21:17:57,557 - DEBUG - Initializing TCPClient with server address: ('federated-learning-server-svc', 12345) and client ID: 3
2025-03-24 21:17:57,558 - INFO - Starting client execution with ID: 3
2025-03-24 21:17:57,643 - DEBUG - Loading dataset
2025-03-24 21:17:57,647 - INFO - Dataset loaded: 216 training samples, 72 test samples
2025-03-24 21:17:57,648 - DEBUG - Loading and compiling model
2025-03-24 21:17:57,947 - DEBUG - Initializing TCPClient with server address: ('federated-learning-server-svc', 12345) and client ID: 5
2025-03-24 21:17:57,949 - INFO - Starting client execution with ID: 5
2025-03-24 21:17:57,949 - DEBUG - Loading dataset
2025-03-24 21:17:57,952 - INFO - Dataset loaded: 216 training samples, 72 test samples
2025-03-24 21:17:57,953 - DEBUG - Loading and compiling model
2025-03-24 21:17:57,956 - INFO - Model compiled successfully
2025-03-24 21:17:57,957 - DEBUG - Connecting to server at address: ('federated-learning-server-svc', 12345)
2025-03-24 21:17:57,959 - ERROR - Socket error: [Errno 111] Connection refused
2025-03-24 21:17:58,043 - INFO - Closing connection with server
2025-03-24 21:17:58,044 - DEBUG - Connection closed
2025-03-24 21:17:58,044 - INFO - Client execution completed
2025-03-24 21:17:58,147 - DEBUG - Initializing TCPClient with server address: ('federated-learning-server-svc', 12345) and client ID: 7
2025-03-24 21:17:58,149 - INFO - Starting client execution with ID: 7
2025-03-24 21:17:58,151 - DEBUG - Loading dataset
2025-03-24 21:17:58,154 - INFO - Dataset loaded: 216 training samples, 72 test samples
2025-03-24 21:17:58,155 - DEBUG - Loading and compiling model
2025-03-24 21:17:58,157 - DEBUG - Initializing TCPClient with server address: ('federated-learning-server-svc', 12345) and client ID: 2
2025-03-24 21:17:58,158 - INFO - Starting client execution with ID: 2
2025-03-24 21:17:58,243 - DEBUG - Loading dataset
2025-03-24 21:17:58,248 - INFO - Dataset loaded: 216 training samples, 72 test samples
2025-03-24 21:17:58,249 - DEBUG - Loading and compiling model
2025-03-24 21:17:58,348 - INFO - Model compiled successfully
2025-03-24 21:17:58,348 - DEBUG - Connecting to server at address: ('federated-learning-server-svc', 12345)
2025-03-24 21:17:58,357 - ERROR - Socket error: [Errno 111] Connection refused
2025-03-24 21:17:58,363 - INFO - Model compiled successfully
2025-03-24 21:17:58,443 - DEBUG - Connecting to server at address: ('federated-learning-server-svc', 12345)
2025-03-24 21:17:58,443 - INFO - Closing connection with server
2025-03-24 21:17:58,444 - DEBUG - Connection closed
2025-03-24 21:17:58,445 - INFO - Client execution completed
2025-03-24 21:17:58,446 - ERROR - Socket error: [Errno 111] Connection refused
2025-03-24 21:17:58,447 - INFO - Closing connection with server
2025-03-24 21:17:58,448 - DEBUG - Connection closed
2025-03-24 21:17:58,448 - INFO - Client execution completed
2025-03-24 21:17:58,852 - DEBUG - Initializing TCPClient with server address: ('federated-learning-server-svc', 12345) and client ID: 6
2025-03-24 21:17:58,853 - INFO - Starting client execution with ID: 6
2025-03-24 21:17:58,854 - DEBUG - Loading dataset
2025-03-24 21:17:58,855 - INFO - Model compiled successfully
2025-03-24 21:17:58,857 - INFO - Dataset loaded: 216 training samples, 72 test samples
2025-03-24 21:17:58,857 - DEBUG - Loading and compiling model
2025-03-24 21:17:58,943 - DEBUG - Connecting to server at address: ('federated-learning-server-svc', 12345)
2025-03-24 21:17:58,947 - ERROR - Socket error: [Errno 111] Connection refused
2025-03-24 21:17:58,948 - INFO - Model compiled successfully
2025-03-24 21:17:58,948 - INFO - Closing connection with server
2025-03-24 21:17:58,948 - DEBUG - Connecting to server at address: ('federated-learning-server-svc', 12345)
2025-03-24 21:17:58,949 - DEBUG - Connection closed
2025-03-24 21:17:58,949 - INFO - Client execution completed
2025-03-24 21:17:58,950 - ERROR - Socket error: [Errno 111] Connection refused
2025-03-24 21:17:58,951 - INFO - Closing connection with server
2025-03-24 21:17:58,952 - DEBUG - Connection closed
2025-03-24 21:17:58,952 - INFO - Client execution completed
2025-03-24 21:17:58,972 - INFO - Model compiled successfully
2025-03-24 21:17:59,044 - DEBUG - Connecting to server at address: ('federated-learning-server-svc', 12345)
2025-03-24 21:17:59,047 - ERROR - Socket error: [Errno 111] Connection refused
2025-03-24 21:17:59,048 - INFO - Closing connection with server
2025-03-24 21:17:59,049 - DEBUG - Connection closed
2025-03-24 21:17:59,049 - INFO - Client execution completed
2025-03-24 21:17:59,146 - DEBUG - Initializing TCPClient with server address: ('federated-learning-server-svc', 12345) and client ID: 8
2025-03-24 21:17:59,147 - DEBUG - Initializing TCPClient with server address: ('federated-learning-server-svc', 12345) and client ID: 4
2025-03-24 21:17:59,147 - INFO - Starting client execution with ID: 8
2025-03-24 21:17:59,148 - DEBUG - Loading dataset
2025-03-24 21:17:59,148 - INFO - Starting client execution with ID: 4
2025-03-24 21:17:59,149 - DEBUG - Loading dataset
2025-03-24 21:17:59,151 - INFO - Dataset loaded: 216 training samples, 72 test samples
2025-03-24 21:17:59,151 - DEBUG - Loading and compiling model
2025-03-24 21:17:59,152 - INFO - Dataset loaded: 216 training samples, 72 test samples
2025-03-24 21:17:59,153 - DEBUG - Loading and compiling model
2025-03-24 21:17:59,749 - INFO - Model compiled successfully
2025-03-24 21:17:59,749 - DEBUG - Connecting to server at address: ('federated-learning-server-svc', 12345)
2025-03-24 21:17:59,751 - INFO - Connected to server
2025-03-24 21:17:59,752 - DEBUG - Managing communication with server
2025-03-24 21:17:59,846 - DEBUG - Received message of type: MessageType.FEDERATED_WEIGHTS with length: 2080532
2025-03-24 21:17:59,847 - DEBUG - Updating model weights
2025-03-24 21:17:59,858 - DEBUG - Model weights updated successfully
2025-03-24 21:17:59,943 - INFO - Evaluating model performance
2025-03-24 21:17:59,944 - DEBUG - Evaluating federated model
2025-03-24 21:17:59,950 - INFO - Model compiled successfully
2025-03-24 21:17:59,951 - DEBUG - Connecting to server at address: ('federated-learning-server-svc', 12345)
2025-03-24 21:17:59,951 - INFO - Model compiled successfully
2025-03-24 21:17:59,952 - DEBUG - Connecting to server at address: ('federated-learning-server-svc', 12345)
2025-03-24 21:17:59,955 - INFO - Connected to server
2025-03-24 21:17:59,956 - INFO - Connected to server
2025-03-24 21:17:59,956 - DEBUG - Managing communication with server
2025-03-24 21:17:59,956 - DEBUG - Managing communication with server
2025-03-24 21:18:00,053 - DEBUG - Received message of type: MessageType.FEDERATED_WEIGHTS with length: 2080532
2025-03-24 21:18:00,054 - DEBUG - Updating model weights
2025-03-24 21:18:00,060 - DEBUG - Received message of type: MessageType.FEDERATED_WEIGHTS with length: 2080532
2025-03-24 21:18:00,060 - DEBUG - Updating model weights
2025-03-24 21:18:00,070 - DEBUG - Model weights updated successfully
2025-03-24 21:18:00,144 - INFO - Evaluating model performance
2025-03-24 21:18:00,145 - DEBUG - Evaluating federated model
2025-03-24 21:18:00,151 - DEBUG - Model weights updated successfully
2025-03-24 21:18:00,152 - INFO - Evaluating model performance
2025-03-24 21:18:00,152 - DEBUG - Evaluating federated model
2025-03-24 21:18:03,153 - INFO - Starting model training for 20 epochs
2025-03-24 21:18:03,153 - INFO - Starting model training for 20 epochs
2025-03-24 21:18:03,154 - DEBUG - Starting epoch 1/20
2025-03-24 21:18:03,154 - DEBUG - Starting epoch 1/20
2025-03-24 21:18:03,154 - DEBUG - Shuffling dataset for epoch 1
2025-03-24 21:18:03,154 - DEBUG - Shuffling dataset for epoch 1
2025-03-24 21:18:03,256 - INFO - Starting model training for 20 epochs
2025-03-24 21:18:03,256 - DEBUG - Starting epoch 1/20
2025-03-24 21:18:03,257 - DEBUG - Shuffling dataset for epoch 1
2025-03-24 21:18:08,866 - DEBUG - Starting epoch 2/20
2025-03-24 21:18:08,866 - DEBUG - Shuffling dataset for epoch 2
2025-03-24 21:18:08,964 - DEBUG - Starting epoch 2/20
2025-03-24 21:18:08,965 - DEBUG - Shuffling dataset for epoch 2
2025-03-24 21:18:09,247 - DEBUG - Starting epoch 2/20
2025-03-24 21:18:09,247 - DEBUG - Shuffling dataset for epoch 2
2025-03-24 21:18:09,961 - DEBUG - Starting epoch 3/20
2025-03-24 21:18:09,962 - DEBUG - Shuffling dataset for epoch 3
2025-03-24 21:18:10,160 - DEBUG - Starting epoch 3/20
2025-03-24 21:18:10,160 - DEBUG - Shuffling dataset for epoch 3
2025-03-24 21:18:10,654 - DEBUG - Starting epoch 3/20
2025-03-24 21:18:10,655 - DEBUG - Shuffling dataset for epoch 3
2025-03-24 21:18:11,747 - DEBUG - Starting epoch 4/20
2025-03-24 21:18:11,747 - DEBUG - Shuffling dataset for epoch 4
2025-03-24 21:18:11,753 - DEBUG - Starting epoch 4/20
2025-03-24 21:18:11,754 - DEBUG - Shuffling dataset for epoch 4
2025-03-24 21:18:12,064 - DEBUG - Starting epoch 4/20
2025-03-24 21:18:12,142 - DEBUG - Shuffling dataset for epoch 4
2025-03-24 21:18:12,767 - DEBUG - Starting epoch 5/20
2025-03-24 21:18:12,843 - DEBUG - Shuffling dataset for epoch 5
2025-03-24 21:18:12,866 - DEBUG - Starting epoch 5/20
2025-03-24 21:18:12,867 - DEBUG - Shuffling dataset for epoch 5
2025-03-24 21:18:13,166 - DEBUG - Starting epoch 5/20
2025-03-24 21:18:13,166 - DEBUG - Shuffling dataset for epoch 5
2025-03-24 21:18:13,867 - DEBUG - Starting epoch 6/20
2025-03-24 21:18:13,867 - DEBUG - Shuffling dataset for epoch 6
2025-03-24 21:18:13,966 - DEBUG - Starting epoch 6/20
2025-03-24 21:18:14,043 - DEBUG - Shuffling dataset for epoch 6
2025-03-24 21:18:14,250 - DEBUG - Starting epoch 6/20
2025-03-24 21:18:14,251 - DEBUG - Shuffling dataset for epoch 6
2025-03-24 21:18:14,848 - DEBUG - Starting epoch 7/20
2025-03-24 21:18:14,851 - DEBUG - Shuffling dataset for epoch 7
2025-03-24 21:18:14,946 - DEBUG - Starting epoch 7/20
2025-03-24 21:18:14,946 - DEBUG - Shuffling dataset for epoch 7
2025-03-24 21:18:15,165 - DEBUG - Starting epoch 7/20
2025-03-24 21:18:15,166 - DEBUG - Shuffling dataset for epoch 7
2025-03-24 21:18:15,769 - DEBUG - Starting epoch 8/20
2025-03-24 21:18:15,842 - DEBUG - Shuffling dataset for epoch 8
2025-03-24 21:18:15,851 - DEBUG - Starting epoch 8/20
2025-03-24 21:18:15,851 - DEBUG - Shuffling dataset for epoch 8
2025-03-24 21:18:16,145 - DEBUG - Starting epoch 8/20
2025-03-24 21:18:16,145 - DEBUG - Shuffling dataset for epoch 8
2025-03-24 21:18:16,652 - DEBUG - Starting epoch 9/20
2025-03-24 21:18:16,653 - DEBUG - Shuffling dataset for epoch 9
2025-03-24 21:18:16,762 - DEBUG - Starting epoch 9/20
2025-03-24 21:18:16,763 - DEBUG - Shuffling dataset for epoch 9
2025-03-24 21:18:17,048 - DEBUG - Starting epoch 9/20
2025-03-24 21:18:17,049 - DEBUG - Shuffling dataset for epoch 9
2025-03-24 21:18:17,562 - DEBUG - Starting epoch 10/20
2025-03-24 21:18:17,563 - DEBUG - Shuffling dataset for epoch 10
2025-03-24 21:18:17,664 - DEBUG - Starting epoch 10/20
2025-03-24 21:18:17,664 - DEBUG - Shuffling dataset for epoch 10
2025-03-24 21:18:17,958 - DEBUG - Starting epoch 10/20
2025-03-24 21:18:17,961 - DEBUG - Shuffling dataset for epoch 10
2025-03-24 21:18:18,470 - DEBUG - Starting epoch 11/20
2025-03-24 21:18:18,543 - DEBUG - Shuffling dataset for epoch 11
2025-03-24 21:18:18,653 - DEBUG - Starting epoch 11/20
2025-03-24 21:18:18,654 - DEBUG - Shuffling dataset for epoch 11
2025-03-24 21:18:18,950 - DEBUG - Starting epoch 11/20
2025-03-24 21:18:18,950 - DEBUG - Shuffling dataset for epoch 11
2025-03-24 21:18:19,547 - DEBUG - Starting epoch 12/20
2025-03-24 21:18:19,547 - DEBUG - Shuffling dataset for epoch 12
2025-03-24 21:18:19,568 - DEBUG - Starting epoch 12/20
2025-03-24 21:18:19,643 - DEBUG - Shuffling dataset for epoch 12
2025-03-24 21:18:19,768 - DEBUG - Starting epoch 12/20
2025-03-24 21:18:19,843 - DEBUG - Shuffling dataset for epoch 12
2025-03-24 21:18:20,349 - DEBUG - Starting epoch 13/20
2025-03-24 21:18:20,351 - DEBUG - Shuffling dataset for epoch 13
2025-03-24 21:18:20,447 - DEBUG - Starting epoch 13/20
2025-03-24 21:18:20,447 - DEBUG - Shuffling dataset for epoch 13
2025-03-24 21:18:20,664 - DEBUG - Starting epoch 13/20
2025-03-24 21:18:20,665 - DEBUG - Shuffling dataset for epoch 13
2025-03-24 21:18:21,253 - DEBUG - Starting epoch 14/20
2025-03-24 21:18:21,254 - DEBUG - Shuffling dataset for epoch 14
2025-03-24 21:18:21,262 - DEBUG - Starting epoch 14/20
2025-03-24 21:18:21,262 - DEBUG - Shuffling dataset for epoch 14
2025-03-24 21:18:21,552 - DEBUG - Starting epoch 14/20
2025-03-24 21:18:21,554 - DEBUG - Shuffling dataset for epoch 14
2025-03-24 21:18:22,155 - DEBUG - Starting epoch 15/20
2025-03-24 21:18:22,156 - DEBUG - Shuffling dataset for epoch 15
2025-03-24 21:18:22,156 - DEBUG - Starting epoch 15/20
2025-03-24 21:18:22,156 - DEBUG - Shuffling dataset for epoch 15
2025-03-24 21:18:22,450 - DEBUG - Starting epoch 15/20
2025-03-24 21:18:22,450 - DEBUG - Shuffling dataset for epoch 15
2025-03-24 21:18:22,965 - DEBUG - Starting epoch 16/20
2025-03-24 21:18:22,966 - DEBUG - Starting epoch 16/20
2025-03-24 21:18:23,042 - DEBUG - Shuffling dataset for epoch 16
2025-03-24 21:18:23,043 - DEBUG - Shuffling dataset for epoch 16
2025-03-24 21:18:23,269 - DEBUG - Starting epoch 16/20
2025-03-24 21:18:23,343 - DEBUG - Shuffling dataset for epoch 16
2025-03-24 21:18:23,948 - DEBUG - Starting epoch 17/20
2025-03-24 21:18:23,948 - DEBUG - Shuffling dataset for epoch 17
2025-03-24 21:18:23,961 - DEBUG - Starting epoch 17/20
2025-03-24 21:18:23,961 - DEBUG - Shuffling dataset for epoch 17
2025-03-24 21:18:24,363 - DEBUG - Starting epoch 17/20
2025-03-24 21:18:24,364 - DEBUG - Shuffling dataset for epoch 17
2025-03-24 21:18:24,762 - DEBUG - Starting epoch 18/20
2025-03-24 21:18:24,762 - DEBUG - Shuffling dataset for epoch 18
2025-03-24 21:18:24,854 - DEBUG - Starting epoch 18/20
2025-03-24 21:18:24,855 - DEBUG - Shuffling dataset for epoch 18
2025-03-24 21:18:25,263 - DEBUG - Starting epoch 18/20
2025-03-24 21:18:25,263 - DEBUG - Shuffling dataset for epoch 18
2025-03-24 21:18:25,567 - DEBUG - Starting epoch 19/20
2025-03-24 21:18:25,567 - DEBUG - Shuffling dataset for epoch 19
2025-03-24 21:18:25,753 - DEBUG - Starting epoch 19/20
2025-03-24 21:18:25,753 - DEBUG - Shuffling dataset for epoch 19
2025-03-24 21:18:26,163 - DEBUG - Starting epoch 19/20
2025-03-24 21:18:26,163 - DEBUG - Shuffling dataset for epoch 19
2025-03-24 21:18:26,463 - DEBUG - Starting epoch 20/20
2025-03-24 21:18:26,464 - DEBUG - Shuffling dataset for epoch 20
2025-03-24 21:18:26,645 - DEBUG - Starting epoch 20/20
2025-03-24 21:18:26,645 - DEBUG - Shuffling dataset for epoch 20
2025-03-24 21:18:26,963 - DEBUG - Starting epoch 20/20
2025-03-24 21:18:26,964 - DEBUG - Shuffling dataset for epoch 20
2025-03-24 21:18:27,357 - INFO - Training completed, saving model weights
2025-03-24 21:18:27,363 - INFO - Evaluating model performance
2025-03-24 21:18:27,364 - DEBUG - Evaluating training model
2025-03-24 21:18:27,456 - INFO - Training completed, saving model weights
2025-03-24 21:18:27,458 - INFO - Evaluating model performance
2025-03-24 21:18:27,459 - DEBUG - Evaluating training model
2025-03-24 21:18:27,673 - INFO - Training completed, saving model weights
2025-03-24 21:18:27,744 - INFO - Evaluating model performance
2025-03-24 21:18:27,745 - DEBUG - Evaluating training model
2025-03-24 21:18:27,760 - INFO - Sending local model to server
2025-03-24 21:18:27,761 - DEBUG - Sending message of type: MessageType.CLIENT_MODEL to server
2025-03-24 21:18:27,773 - DEBUG - Message sent successfully
2025-03-24 21:18:27,773 - DEBUG - Local model sent successfully
2025-03-24 21:18:27,853 - INFO - Sending local model to server
2025-03-24 21:18:27,853 - DEBUG - Sending message of type: MessageType.CLIENT_MODEL to server
2025-03-24 21:18:27,857 - DEBUG - Message sent successfully
2025-03-24 21:18:27,857 - DEBUG - Local model sent successfully
2025-03-24 21:18:27,890 - INFO - Sending local model to server
2025-03-24 21:18:27,890 - DEBUG - Sending message of type: MessageType.CLIENT_MODEL to server
2025-03-24 21:18:27,897 - DEBUG - Message sent successfully
2025-03-24 21:18:27,898 - DEBUG - Local model sent successfully
2025-03-24 23:06:09,143 - DEBUG - Found a worker binary at: /usr/local/lib/python3.11/site-packages/tensorflow_federated/python/core/impl/executor_stacks/../../../../data/worker_binary
2025-03-24 23:06:09,144 - DEBUG - Using selector: EpollSelector
2025-03-24 23:06:09,385 - DEBUG - Initializing TCPClient with server address: ('federated-learning-server-svc', 12345) and client ID: 0
2025-03-24 23:06:09,386 - INFO - Starting client execution with ID: 0
2025-03-24 23:06:09,386 - DEBUG - Loading dataset
2025-03-24 23:06:09,389 - INFO - Dataset loaded: 216 training samples, 72 test samples
2025-03-24 23:06:09,389 - DEBUG - Loading and compiling model
2025-03-24 23:06:09,472 - INFO - Model compiled successfully
2025-03-24 23:06:09,472 - DEBUG - Connecting to server at address: ('federated-learning-server-svc', 12345)
2025-03-24 23:06:10,748 - ERROR - Socket error: [Errno -2] Name or service not known
2025-03-24 23:06:10,748 - INFO - Closing connection with server
2025-03-24 23:06:10,749 - DEBUG - Connection closed
2025-03-24 23:06:10,749 - INFO - Client execution completed
2025-03-24 23:11:37,132 - DEBUG - Found a worker binary at: /usr/local/lib/python3.11/site-packages/tensorflow_federated/python/core/impl/executor_stacks/../../../../data/worker_binary
2025-03-24 23:11:37,134 - DEBUG - Using selector: EpollSelector
2025-03-24 23:11:37,343 - DEBUG - Initializing TCPClient with server address: ('federated-learning-benchmarker-server-svc', 12345) and client ID: 0
2025-03-24 23:11:37,344 - INFO - Starting client execution with ID: 0
2025-03-24 23:11:37,344 - DEBUG - Loading dataset
2025-03-24 23:11:37,347 - INFO - Dataset loaded: 216 training samples, 72 test samples
2025-03-24 23:11:37,347 - DEBUG - Loading and compiling model
2025-03-24 23:11:37,437 - INFO - Model compiled successfully
2025-03-24 23:11:37,438 - DEBUG - Connecting to server at address: ('federated-learning-benchmarker-server-svc', 12345)
2025-03-24 23:11:37,439 - INFO - Connected to server
2025-03-24 23:11:37,440 - DEBUG - Managing communication with server
2025-03-24 23:15:12,224 - DEBUG - Found a worker binary at: /usr/local/lib/python3.11/site-packages/tensorflow_federated/python/core/impl/executor_stacks/../../../../data/worker_binary
2025-03-24 23:15:12,225 - DEBUG - Using selector: EpollSelector
2025-03-24 23:15:12,422 - DEBUG - Initializing TCPClient with server address: ('federated-learning-benchmarker-server-svc', 12345) and client ID: 0
2025-03-24 23:15:12,423 - INFO - Starting client execution with ID: 0
2025-03-24 23:15:12,423 - DEBUG - Loading dataset
2025-03-24 23:15:12,425 - INFO - Dataset loaded: 216 training samples, 72 test samples
2025-03-24 23:15:12,426 - DEBUG - Loading and compiling model
2025-03-24 23:15:12,512 - INFO - Model compiled successfully
2025-03-24 23:15:12,513 - DEBUG - Connecting to server at address: ('federated-learning-benchmarker-server-svc', 12345)
2025-03-24 23:15:12,514 - INFO - Connected to server
2025-03-24 23:15:12,514 - DEBUG - Managing communication with server
2025-03-24 23:18:54,581 - DEBUG - Found a worker binary at: /usr/local/lib/python3.11/site-packages/tensorflow_federated/python/core/impl/executor_stacks/../../../../data/worker_binary
2025-03-24 23:18:54,582 - DEBUG - Using selector: EpollSelector
2025-03-24 23:18:54,771 - DEBUG - Initializing TCPClient with server address: ('federated-learning-benchmarker-server-svc', 12345) and client ID: 0
2025-03-24 23:18:54,772 - INFO - Starting client execution with ID: 0
2025-03-24 23:18:54,772 - DEBUG - Loading dataset
2025-03-24 23:18:54,774 - INFO - Dataset loaded: 216 training samples, 72 test samples
2025-03-24 23:18:54,774 - DEBUG - Loading and compiling model
2025-03-24 23:18:54,858 - INFO - Model compiled successfully
2025-03-24 23:18:54,858 - DEBUG - Connecting to server at address: ('federated-learning-benchmarker-server-svc', 12345)
2025-03-24 23:18:54,859 - INFO - Connected to server
2025-03-24 23:18:54,860 - DEBUG - Managing communication with server
2025-03-24 23:24:53,814 - DEBUG - Found a worker binary at: /usr/local/lib/python3.11/site-packages/tensorflow_federated/python/core/impl/executor_stacks/../../../../data/worker_binary
2025-03-24 23:24:53,815 - DEBUG - Using selector: EpollSelector
2025-03-24 23:24:54,007 - DEBUG - Initializing TCPClient with server address: ('federated-learning-benchmarker-server-svc', 12345) and client ID: 0
2025-03-24 23:24:54,008 - INFO - Starting client execution with ID: 0
2025-03-24 23:24:54,009 - DEBUG - Loading dataset
2025-03-24 23:24:54,011 - INFO - Dataset loaded: 216 training samples, 72 test samples
2025-03-24 23:24:54,011 - DEBUG - Loading and compiling model
2025-03-24 23:24:54,097 - INFO - Model compiled successfully
2025-03-24 23:24:54,098 - DEBUG - Connecting to server at address: ('federated-learning-benchmarker-server-svc', 12345)
2025-03-24 23:24:54,099 - INFO - Connected to server
2025-03-24 23:24:54,099 - DEBUG - Managing communication with server
2025-03-24 23:31:00,796 - DEBUG - Found a worker binary at: /usr/local/lib/python3.11/site-packages/tensorflow_federated/python/core/impl/executor_stacks/../../../../data/worker_binary
2025-03-24 23:31:00,796 - DEBUG - Using selector: EpollSelector
2025-03-24 23:31:00,989 - DEBUG - Initializing TCPClient with server address: ('federated-learning-benchmarker-server-svc', 12345) and client ID: 0
2025-03-24 23:31:00,990 - INFO - Starting client execution with ID: 0
2025-03-24 23:31:00,991 - DEBUG - Loading dataset
2025-03-24 23:31:00,993 - INFO - Dataset loaded: 216 training samples, 72 test samples
2025-03-24 23:31:00,994 - DEBUG - Loading and compiling model
2025-03-24 23:31:01,076 - INFO - Model compiled successfully
2025-03-24 23:31:01,076 - DEBUG - Connecting to server at address: ('federated-learning-benchmarker-server-svc', 12345)
2025-03-24 23:31:01,077 - INFO - Connected to server
2025-03-24 23:31:01,077 - DEBUG - Managing communication with server
2025-03-24 23:31:01,078 - INFO - Closing connection with server
2025-03-24 23:31:01,078 - DEBUG - Connection closed
2025-03-24 23:31:01,078 - INFO - Client execution completed
2025-03-24 23:42:09,101 - DEBUG - Found a worker binary at: /usr/local/lib/python3.11/site-packages/tensorflow_federated/python/core/impl/executor_stacks/../../../../data/worker_binary
2025-03-24 23:42:09,102 - DEBUG - Using selector: EpollSelector
2025-03-24 23:42:09,312 - DEBUG - Initializing TCPClient with server address: ('federated-learning-benchmarker-server-svc', 12345) and client ID: 0
2025-03-24 23:42:09,313 - INFO - Starting client execution with ID: 0
2025-03-24 23:42:09,313 - DEBUG - Loading dataset
2025-03-24 23:42:09,316 - INFO - Dataset loaded: 216 training samples, 72 test samples
2025-03-24 23:42:09,316 - DEBUG - Loading and compiling model
2025-03-24 23:42:09,394 - INFO - Model compiled successfully
2025-03-24 23:42:09,394 - DEBUG - Connecting to server at address: ('federated-learning-benchmarker-server-svc', 12345)
2025-03-24 23:42:09,395 - INFO - Connected to server
2025-03-24 23:42:09,396 - DEBUG - Managing communication with server
2025-03-24 23:42:09,396 - INFO - Closing connection with server
2025-03-24 23:42:09,396 - DEBUG - Connection closed
2025-03-24 23:42:09,396 - INFO - Client execution completed
2025-03-24 23:48:03,154 - DEBUG - Found a worker binary at: /usr/local/lib/python3.11/site-packages/tensorflow_federated/python/core/impl/executor_stacks/../../../../data/worker_binary
2025-03-24 23:48:03,155 - DEBUG - Using selector: EpollSelector
2025-03-24 23:48:03,344 - DEBUG - Initializing TCPClient with server address: ('federated-learning-benchmarker-server-svc', 12345) and client ID: 0
2025-03-24 23:48:03,344 - INFO - Starting client execution with ID: 0
2025-03-24 23:48:03,345 - DEBUG - Loading dataset
2025-03-24 23:48:03,347 - INFO - Dataset loaded: 216 training samples, 72 test samples
2025-03-24 23:48:03,347 - DEBUG - Loading and compiling model
2025-03-24 23:48:03,427 - INFO - Model compiled successfully
2025-03-24 23:48:03,427 - DEBUG - Connecting to server at address: ('federated-learning-benchmarker-server-svc', 12345)
2025-03-24 23:48:03,428 - INFO - Connected to server
2025-03-24 23:48:03,429 - DEBUG - Managing communication with server
2025-03-25 07:43:09,571 - DEBUG - Found a worker binary at: /usr/local/lib/python3.11/site-packages/tensorflow_federated/python/core/impl/executor_stacks/../../../../data/worker_binary
2025-03-25 07:43:09,572 - DEBUG - Using selector: EpollSelector
2025-03-25 07:43:09,762 - DEBUG - Initializing TCPClient with server address: ('federated-learning-benchmarker-server-svc', 12345) and client ID: 0
2025-03-25 07:43:09,763 - INFO - Starting client execution with ID: 0
2025-03-25 07:43:09,763 - DEBUG - Loading dataset
2025-03-25 07:43:09,765 - INFO - Dataset loaded: 216 training samples, 72 test samples
2025-03-25 07:43:09,766 - DEBUG - Loading and compiling model
2025-03-25 07:43:09,843 - INFO - Model compiled successfully
2025-03-25 07:43:09,844 - DEBUG - Connecting to server at address: ('federated-learning-benchmarker-server-svc', 12345)
2025-03-25 07:43:09,845 - INFO - Connected to server
2025-03-25 07:43:09,845 - DEBUG - Managing communication with server
2025-03-25 07:43:09,845 - INFO - Closing connection with server
2025-03-25 07:43:09,846 - DEBUG - Connection closed
2025-03-25 07:43:09,846 - INFO - Client execution completed
2025-03-25 08:25:00,987 - DEBUG - Found a worker binary at: /usr/local/lib/python3.11/site-packages/tensorflow_federated/python/core/impl/executor_stacks/../../../../data/worker_binary
2025-03-25 08:25:00,988 - DEBUG - Using selector: EpollSelector
2025-03-25 08:25:01,182 - DEBUG - Initializing TCPClient with server address: ('federated-learning-benchmarker-server-svc', 12345) and client ID: 0
2025-03-25 08:25:01,183 - INFO - Starting client execution with ID: 0
2025-03-25 08:25:01,183 - DEBUG - Loading dataset
2025-03-25 08:25:01,187 - INFO - Dataset loaded: 216 training samples, 72 test samples
2025-03-25 08:25:01,187 - DEBUG - Loading and compiling model
2025-03-25 08:25:01,267 - INFO - Model compiled successfully
2025-03-25 08:25:01,268 - DEBUG - Connecting to server at address: ('federated-learning-benchmarker-server-svc', 12345)
2025-03-25 08:25:01,270 - INFO - Connected to server
2025-03-25 08:25:01,270 - DEBUG - Managing communication with server
2025-03-25 08:25:01,271 - INFO - Closing connection with server
2025-03-25 08:25:01,271 - DEBUG - Connection closed
2025-03-25 08:25:01,271 - INFO - Client execution completed
2025-03-25 08:27:22,846 - DEBUG - Found a worker binary at: /usr/local/lib/python3.11/site-packages/tensorflow_federated/python/core/impl/executor_stacks/../../../../data/worker_binary
2025-03-25 08:27:22,847 - DEBUG - Using selector: EpollSelector
2025-03-25 08:27:23,047 - DEBUG - Initializing TCPClient with server address: ('federated-learning-benchmarker-server-svc', 12345) and client ID: 0
2025-03-25 08:27:23,048 - INFO - Starting client execution with ID: 0
2025-03-25 08:27:23,048 - DEBUG - Loading dataset
2025-03-25 08:27:23,051 - INFO - Dataset loaded: 216 training samples, 72 test samples
2025-03-25 08:27:23,051 - DEBUG - Loading and compiling model
2025-03-25 08:27:23,129 - INFO - Model compiled successfully
2025-03-25 08:27:23,130 - DEBUG - Connecting to server at address: ('federated-learning-benchmarker-server-svc', 12345)
2025-03-25 08:27:23,131 - INFO - Connected to server
2025-03-25 08:27:23,131 - DEBUG - Managing communication with server
2025-03-25 08:27:23,132 - INFO - Closing connection with server
2025-03-25 08:27:23,132 - DEBUG - Connection closed
2025-03-25 08:27:23,132 - INFO - Client execution completed
2025-03-25 08:30:31,970 - DEBUG - Found a worker binary at: /usr/local/lib/python3.11/site-packages/tensorflow_federated/python/core/impl/executor_stacks/../../../../data/worker_binary
2025-03-25 08:30:31,971 - DEBUG - Using selector: EpollSelector
2025-03-25 08:30:32,169 - DEBUG - Initializing TCPClient with server address: ('federated-learning-benchmarker-server-svc', 12345) and client ID: 0
2025-03-25 08:30:32,169 - INFO - Starting client execution with ID: 0
2025-03-25 08:30:32,170 - DEBUG - Loading dataset
2025-03-25 08:30:32,172 - INFO - Dataset loaded: 216 training samples, 72 test samples
2025-03-25 08:30:32,172 - DEBUG - Loading and compiling model
2025-03-25 08:30:32,252 - INFO - Model compiled successfully
2025-03-25 08:30:32,253 - DEBUG - Connecting to server at address: ('federated-learning-benchmarker-server-svc', 12345)
2025-03-25 08:30:32,254 - INFO - Connected to server
2025-03-25 08:30:32,254 - DEBUG - Managing communication with server
2025-03-25 08:30:32,254 - INFO - Closing connection with server
2025-03-25 08:30:32,254 - DEBUG - Connection closed
2025-03-25 08:30:32,255 - INFO - Client execution completed
2025-03-25 08:44:59,898 - DEBUG - Found a worker binary at: /usr/local/lib/python3.11/site-packages/tensorflow_federated/python/core/impl/executor_stacks/../../../../data/worker_binary
2025-03-25 08:44:59,899 - DEBUG - Using selector: EpollSelector
2025-03-25 08:45:00,145 - DEBUG - Initializing TCPClient with server address: ('federated-learning-benchmarker-server-svc', 12345) and client ID: 0
2025-03-25 08:45:00,146 - INFO - Starting client execution with ID: 0
2025-03-25 08:45:00,146 - DEBUG - Loading dataset
2025-03-25 08:45:00,149 - INFO - Dataset loaded: 216 training samples, 72 test samples
2025-03-25 08:45:00,149 - DEBUG - Loading and compiling model
2025-03-25 08:45:00,245 - INFO - Model compiled successfully
2025-03-25 08:45:00,245 - DEBUG - Connecting to server at address: ('federated-learning-benchmarker-server-svc', 12345)
2025-03-25 08:45:00,247 - INFO - Connected to server
2025-03-25 08:45:00,247 - DEBUG - Managing communication with server
2025-03-25 08:45:00,247 - DEBUG - CLIENT: about to call _receive_message()
2025-03-25 08:56:13,622 - DEBUG - Found a worker binary at: /usr/local/lib/python3.11/site-packages/tensorflow_federated/python/core/impl/executor_stacks/../../../../data/worker_binary
2025-03-25 08:56:13,623 - DEBUG - Using selector: EpollSelector
2025-03-25 08:56:13,814 - DEBUG - Initializing TCPClient with server address: ('federated-learning-benchmarker-server-svc', 12345) and client ID: 0
2025-03-25 08:56:13,815 - INFO - Starting client execution with ID: 0
2025-03-25 08:56:13,816 - DEBUG - Loading dataset
2025-03-25 08:56:13,818 - INFO - Dataset loaded: 216 training samples, 72 test samples
2025-03-25 08:56:13,819 - DEBUG - Loading and compiling model
2025-03-25 08:56:13,903 - INFO - Model compiled successfully
2025-03-25 08:56:13,904 - DEBUG - Connecting to server at address: ('federated-learning-benchmarker-server-svc', 12345)
2025-03-25 08:56:13,905 - INFO - Connected to server
2025-03-25 08:56:13,905 - DEBUG - Managing communication with server
2025-03-25 08:56:13,905 - DEBUG - CLIENT: about to call _receive_message()
2025-03-25 09:18:52,394 - DEBUG - Found a worker binary at: /usr/local/lib/python3.11/site-packages/tensorflow_federated/python/core/impl/executor_stacks/../../../../data/worker_binary
2025-03-25 09:18:52,395 - DEBUG - Using selector: EpollSelector
2025-03-25 09:18:52,595 - DEBUG - Initializing TCPClient with server address: ('federated-learning-benchmarker-server-svc', 12345) and client ID: 0
2025-03-25 09:18:52,596 - INFO - Starting client execution with ID: 0
2025-03-25 09:18:52,596 - DEBUG - Loading dataset
2025-03-25 09:18:52,598 - INFO - Dataset loaded: 216 training samples, 72 test samples
2025-03-25 09:18:52,598 - DEBUG - Loading and compiling model
2025-03-25 09:18:52,680 - INFO - Model compiled successfully
2025-03-25 09:18:52,680 - DEBUG - Connecting to server at address: ('federated-learning-benchmarker-server-svc', 12345)
2025-03-25 09:18:52,681 - INFO - Connected to server
2025-03-25 09:18:52,681 - DEBUG - Managing communication with server
